train,CALL,S001_M_CALL_STD_FCE,61
train,CALL,S001_M_CALL_STD_FCE_HF,61
train,CALL,S001_M_CALL_STD_LFT,66
train,CALL,S001_M_CALL_STD_LFT_HF,66
train,CALL,S001_M_CALL_STD_RGT,56
train,CALL,S001_M_CALL_STD_RGT_HF,56
train,CALL,S001_M_CALL_WLK_FCE,71
train,CALL,S001_M_CALL_WLK_FCE_HF,71
train,CALL,S001_M_CALL_WLK_LFT,66
train,CALL,S001_M_CALL_WLK_LFT_HF,66
train,CALL,S001_M_CALL_WLK_RGT,81
train,CALL,S001_M_CALL_WLK_RGT_HF,81
train,CALL,S007_M_CALL_STD_FCE,101
train,CALL,S007_M_CALL_STD_FCE_HF,101
train,CALL,S007_M_CALL_STD_LFT,101
train,CALL,S007_M_CALL_STD_LFT_HF,101
train,CALL,S007_M_CALL_STD_RGT,86
train,CALL,S007_M_CALL_STD_RGT_HF,86
train,CALL,S007_M_CALL_WLK_FCE,91
train,CALL,S007_M_CALL_WLK_FCE_HF,91
train,CALL,S007_M_CALL_WLK_LFT,101
train,CALL,S007_M_CALL_WLK_LFT_HF,101
train,CALL,S007_M_CALL_WLK_RGT,91
train,CALL,S007_M_CALL_WLK_RGT_HF,91
train,CALL,S008_M_CALL_STD_FCE,71
train,CALL,S008_M_CALL_STD_FCE_HF,71
train,CALL,S008_M_CALL_STD_LFT,76
train,CALL,S008_M_CALL_STD_LFT_HF,76
train,CALL,S008_M_CALL_STD_RGT,86
train,CALL,S008_M_CALL_STD_RGT_HF,86
train,CALL,S008_M_CALL_WLK_FCE,66
train,CALL,S008_M_CALL_WLK_FCE_HF,66
train,CALL,S008_M_CALL_WLK_LFT,76
train,CALL,S008_M_CALL_WLK_LFT_HF,76
train,CALL,S008_M_CALL_WLK_RGT,71
train,CALL,S008_M_CALL_WLK_RGT_HF,71
train,CALL,S009_M_CALL_STD_FCE,51
train,CALL,S009_M_CALL_STD_FCE_HF,51
train,CALL,S009_M_CALL_STD_LFT,61
train,CALL,S009_M_CALL_STD_LFT_HF,61
train,CALL,S009_M_CALL_STD_RGT,66
train,CALL,S009_M_CALL_STD_RGT_HF,66
train,CALL,S009_M_CALL_WLK_FCE,61
train,CALL,S009_M_CALL_WLK_FCE_HF,61
train,CALL,S009_M_CALL_WLK_LFT,66
train,CALL,S009_M_CALL_WLK_LFT_HF,66
train,CALL,S009_M_CALL_WLK_RGT,61
train,CALL,S009_M_CALL_WLK_RGT_HF,61
train,CALL,S010_F_CALL_STD_FCE,46
train,CALL,S010_F_CALL_STD_FCE_HF,46
train,CALL,S010_F_CALL_STD_LFT,51
train,CALL,S010_F_CALL_STD_LFT_HF,51
train,CALL,S010_F_CALL_STD_RGT,51
train,CALL,S010_F_CALL_STD_RGT_HF,51
train,CALL,S010_F_CALL_WLK_FCE,66
train,CALL,S010_F_CALL_WLK_FCE_HF,66
train,CALL,S010_F_CALL_WLK_LFT,71
train,CALL,S010_F_CALL_WLK_LFT_HF,71
train,CALL,S010_F_CALL_WLK_RGT,66
train,CALL,S010_F_CALL_WLK_RGT_HF,66
train,CALL,S011_F_CALL_STD_FCE,61
train,CALL,S011_F_CALL_STD_FCE_HF,61
train,CALL,S011_F_CALL_STD_LFT,61
train,CALL,S011_F_CALL_STD_LFT_HF,61
train,CALL,S011_F_CALL_STD_RGT,66
train,CALL,S011_F_CALL_STD_RGT_HF,66
train,CALL,S011_F_CALL_WLK_FCE,71
train,CALL,S011_F_CALL_WLK_FCE_HF,71
train,CALL,S011_F_CALL_WLK_LFT,91
train,CALL,S011_F_CALL_WLK_LFT_HF,91
train,CALL,S011_F_CALL_WLK_RGT,86
train,CALL,S011_F_CALL_WLK_RGT_HF,86
train,CALL,S012_M_CALL_STD_FCE,86
train,CALL,S012_M_CALL_STD_FCE_HF,86
train,CALL,S012_M_CALL_STD_LFT,66
train,CALL,S012_M_CALL_STD_LFT_HF,66
train,CALL,S012_M_CALL_STD_RGT,76
train,CALL,S012_M_CALL_STD_RGT_HF,76
train,CALL,S012_M_CALL_WLK_FCE,71
train,CALL,S012_M_CALL_WLK_FCE_HF,71
train,CALL,S012_M_CALL_WLK_LFT,86
train,CALL,S012_M_CALL_WLK_LFT_HF,86
train,CALL,S012_M_CALL_WLK_RGT,76
train,CALL,S012_M_CALL_WLK_RGT_HF,76
train,CALL,S013_F_CALL_STD_FCE,66
train,CALL,S013_F_CALL_STD_FCE_HF,66
train,CALL,S013_F_CALL_STD_LFT,71
train,CALL,S013_F_CALL_STD_LFT_HF,71
train,CALL,S013_F_CALL_STD_RGT,66
train,CALL,S013_F_CALL_STD_RGT_HF,66
train,CALL,S013_F_CALL_WLK_FCE,76
train,CALL,S013_F_CALL_WLK_FCE_HF,76
train,CALL,S013_F_CALL_WLK_LFT,81
train,CALL,S013_F_CALL_WLK_LFT_HF,81
train,CALL,S013_F_CALL_WLK_RGT,81
train,CALL,S013_F_CALL_WLK_RGT_HF,81
train,CALL,S014_F_CALL_STD_FCE,56
train,CALL,S014_F_CALL_STD_FCE_HF,56
train,CALL,S014_F_CALL_STD_LFT,56
train,CALL,S014_F_CALL_STD_LFT_HF,56
train,CALL,S014_F_CALL_STD_RGT,96
train,CALL,S014_F_CALL_STD_RGT_HF,96
train,CALL,S014_F_CALL_WLK_FCE,61
train,CALL,S014_F_CALL_WLK_FCE_HF,61
train,CALL,S014_F_CALL_WLK_LFT,66
train,CALL,S014_F_CALL_WLK_LFT_HF,66
train,CALL,S014_F_CALL_WLK_RGT,66
train,CALL,S014_F_CALL_WLK_RGT_HF,66
train,CALL,S015_M_CALL_STD_FCE,101
train,CALL,S015_M_CALL_STD_FCE_HF,101
train,CALL,S015_M_CALL_STD_LFT,96
train,CALL,S015_M_CALL_STD_LFT_HF,96
train,CALL,S015_M_CALL_STD_RGT,91
train,CALL,S015_M_CALL_STD_RGT_HF,91
train,CALL,S015_M_CALL_WLK_FCE,96
train,CALL,S015_M_CALL_WLK_FCE_HF,96
train,CALL,S015_M_CALL_WLK_LFT,106
train,CALL,S015_M_CALL_WLK_LFT_HF,106
train,CALL,S015_M_CALL_WLK_RGT,101
train,CALL,S015_M_CALL_WLK_RGT_HF,101
train,CALL,S016_F_CALL_STD_FCE,106
train,CALL,S016_F_CALL_STD_FCE_HF,106
train,CALL,S016_F_CALL_STD_LFT,106
train,CALL,S016_F_CALL_STD_LFT_HF,106
train,CALL,S016_F_CALL_STD_RGT,101
train,CALL,S016_F_CALL_STD_RGT_HF,101
train,CALL,S016_F_CALL_WLK_FCE,91
train,CALL,S016_F_CALL_WLK_FCE_HF,91
train,CALL,S016_F_CALL_WLK_LFT,86
train,CALL,S016_F_CALL_WLK_LFT_HF,86
train,CALL,S016_F_CALL_WLK_RGT,96
train,CALL,S016_F_CALL_WLK_RGT_HF,96
train,CALL,S017_F_CALL_STD_FCE,106
train,CALL,S017_F_CALL_STD_FCE_HF,106
train,CALL,S017_F_CALL_STD_LFT,106
train,CALL,S017_F_CALL_STD_LFT_HF,106
train,CALL,S017_F_CALL_STD_RGT,121
train,CALL,S017_F_CALL_STD_RGT_HF,121
train,CALL,S017_F_CALL_WLK_FCE,101
train,CALL,S017_F_CALL_WLK_FCE_HF,101
train,CALL,S017_F_CALL_WLK_LFT,106
train,CALL,S017_F_CALL_WLK_LFT_HF,106
train,CALL,S017_F_CALL_WLK_RGT,96
train,CALL,S017_F_CALL_WLK_RGT_HF,96
train,CALL,S018_M_CALL_STD_FCE,61
train,CALL,S018_M_CALL_STD_FCE_HF,61
train,CALL,S018_M_CALL_STD_LFT,66
train,CALL,S018_M_CALL_STD_LFT_HF,66
train,CALL,S018_M_CALL_STD_RGT,91
train,CALL,S018_M_CALL_STD_RGT_HF,91
train,CALL,S018_M_CALL_WLK_FCE,71
train,CALL,S018_M_CALL_WLK_FCE_HF,71
train,CALL,S018_M_CALL_WLK_LFT,71
train,CALL,S018_M_CALL_WLK_LFT_HF,71
train,CALL,S018_M_CALL_WLK_RGT,76
train,CALL,S018_M_CALL_WLK_RGT_HF,76
train,CALL,S019_F_CALL_STD_FCE,91
train,CALL,S019_F_CALL_STD_FCE_HF,91
train,CALL,S019_F_CALL_STD_LFT,91
train,CALL,S019_F_CALL_STD_LFT_HF,91
train,CALL,S019_F_CALL_STD_RGT,81
train,CALL,S019_F_CALL_STD_RGT_HF,81
train,CALL,S019_F_CALL_WLK_FCE,76
train,CALL,S019_F_CALL_WLK_FCE_HF,76
train,CALL,S019_F_CALL_WLK_LFT,91
train,CALL,S019_F_CALL_WLK_LFT_HF,91
train,CALL,S019_F_CALL_WLK_RGT,91
train,CALL,S019_F_CALL_WLK_RGT_HF,91
train,CALL,S020_F_CALL_STD_FCE,51
train,CALL,S020_F_CALL_STD_FCE_HF,51
train,CALL,S020_F_CALL_STD_LFT,51
train,CALL,S020_F_CALL_STD_LFT_HF,51
train,CALL,S020_F_CALL_STD_RGT,51
train,CALL,S020_F_CALL_STD_RGT_HF,51
train,CALL,S020_F_CALL_WLK_FCE,61
train,CALL,S020_F_CALL_WLK_FCE_HF,61
train,CALL,S020_F_CALL_WLK_LFT,61
train,CALL,S020_F_CALL_WLK_LFT_HF,61
train,CALL,S020_F_CALL_WLK_RGT,61
train,CALL,S020_F_CALL_WLK_RGT_HF,61
train,COUGH,S001_M_COUG_STD_FCE,51
train,COUGH,S001_M_COUG_STD_FCE_HF,51
train,COUGH,S001_M_COUG_STD_LFT,56
train,COUGH,S001_M_COUG_STD_LFT_HF,56
train,COUGH,S001_M_COUG_STD_RGT,56
train,COUGH,S001_M_COUG_STD_RGT_HF,56
train,COUGH,S001_M_COUG_WLK_FCE,76
train,COUGH,S001_M_COUG_WLK_FCE_HF,76
train,COUGH,S001_M_COUG_WLK_LFT,76
train,COUGH,S001_M_COUG_WLK_LFT_HF,76
train,COUGH,S001_M_COUG_WLK_RGT,71
train,COUGH,S001_M_COUG_WLK_RGT_HF,71
train,COUGH,S007_M_COUG_STD_FCE,81
train,COUGH,S007_M_COUG_STD_FCE_HF,81
train,COUGH,S007_M_COUG_STD_LFT,81
train,COUGH,S007_M_COUG_STD_LFT_HF,81
train,COUGH,S007_M_COUG_STD_RGT,71
train,COUGH,S007_M_COUG_STD_RGT_HF,71
train,COUGH,S007_M_COUG_WLK_FCE,86
train,COUGH,S007_M_COUG_WLK_FCE_HF,86
train,COUGH,S007_M_COUG_WLK_LFT,91
train,COUGH,S007_M_COUG_WLK_LFT_HF,91
train,COUGH,S007_M_COUG_WLK_RGT,86
train,COUGH,S007_M_COUG_WLK_RGT_HF,86
train,COUGH,S008_M_COUG_STD_FCE,56
train,COUGH,S008_M_COUG_STD_FCE_HF,56
train,COUGH,S008_M_COUG_STD_LFT,56
train,COUGH,S008_M_COUG_STD_LFT_HF,56
train,COUGH,S008_M_COUG_STD_RGT,46
train,COUGH,S008_M_COUG_STD_RGT_HF,46
train,COUGH,S008_M_COUG_WLK_FCE,61
train,COUGH,S008_M_COUG_WLK_FCE_HF,61
train,COUGH,S008_M_COUG_WLK_LFT,66
train,COUGH,S008_M_COUG_WLK_LFT_HF,66
train,COUGH,S008_M_COUG_WLK_RGT,66
train,COUGH,S008_M_COUG_WLK_RGT_HF,66
train,COUGH,S009_M_COUG_STD_FCE,46
train,COUGH,S009_M_COUG_STD_FCE_HF,46
train,COUGH,S009_M_COUG_STD_LFT,46
train,COUGH,S009_M_COUG_STD_LFT_HF,46
train,COUGH,S009_M_COUG_STD_RGT,41
train,COUGH,S009_M_COUG_STD_RGT_HF,41
train,COUGH,S009_M_COUG_WLK_FCE,61
train,COUGH,S009_M_COUG_WLK_FCE_HF,61
train,COUGH,S009_M_COUG_WLK_LFT,76
train,COUGH,S009_M_COUG_WLK_LFT_HF,76
train,COUGH,S009_M_COUG_WLK_RGT,61
train,COUGH,S009_M_COUG_WLK_RGT_HF,61
train,COUGH,S010_F_COUG_STD_FCE,56
train,COUGH,S010_F_COUG_STD_FCE_HF,56
train,COUGH,S010_F_COUG_STD_LFT,51
train,COUGH,S010_F_COUG_STD_LFT_HF,51
train,COUGH,S010_F_COUG_STD_RGT,56
train,COUGH,S010_F_COUG_STD_RGT_HF,56
train,COUGH,S010_F_COUG_WLK_FCE,61
train,COUGH,S010_F_COUG_WLK_FCE_HF,61
train,COUGH,S010_F_COUG_WLK_LFT,71
train,COUGH,S010_F_COUG_WLK_LFT_HF,71
train,COUGH,S010_F_COUG_WLK_RGT,71
train,COUGH,S010_F_COUG_WLK_RGT_HF,71
train,COUGH,S011_F_COUG_STD_FCE,181
train,COUGH,S011_F_COUG_STD_FCE_HF,181
train,COUGH,S011_F_COUG_STD_LFT,131
train,COUGH,S011_F_COUG_STD_LFT_HF,131
train,COUGH,S011_F_COUG_STD_RGT,101
train,COUGH,S011_F_COUG_STD_RGT_HF,101
train,COUGH,S011_F_COUG_WLK_FCE,111
train,COUGH,S011_F_COUG_WLK_FCE_HF,111
train,COUGH,S011_F_COUG_WLK_LFT,121
train,COUGH,S011_F_COUG_WLK_LFT_HF,121
train,COUGH,S011_F_COUG_WLK_RGT,126
train,COUGH,S011_F_COUG_WLK_RGT_HF,126
train,COUGH,S012_M_COUG_STD_FCE,61
train,COUGH,S012_M_COUG_STD_FCE_HF,61
train,COUGH,S012_M_COUG_STD_LFT,61
train,COUGH,S012_M_COUG_STD_LFT_HF,61
train,COUGH,S012_M_COUG_STD_RGT,61
train,COUGH,S012_M_COUG_STD_RGT_HF,61
train,COUGH,S012_M_COUG_WLK_FCE,61
train,COUGH,S012_M_COUG_WLK_FCE_HF,61
train,COUGH,S012_M_COUG_WLK_LFT,76
train,COUGH,S012_M_COUG_WLK_LFT_HF,76
train,COUGH,S012_M_COUG_WLK_RGT,71
train,COUGH,S012_M_COUG_WLK_RGT_HF,71
train,COUGH,S013_F_COUG_STD_FCE,46
train,COUGH,S013_F_COUG_STD_FCE_HF,46
train,COUGH,S013_F_COUG_STD_LFT,41
train,COUGH,S013_F_COUG_STD_LFT_HF,41
train,COUGH,S013_F_COUG_STD_RGT,46
train,COUGH,S013_F_COUG_STD_RGT_HF,46
train,COUGH,S013_F_COUG_WLK_FCE,71
train,COUGH,S013_F_COUG_WLK_FCE_HF,71
train,COUGH,S013_F_COUG_WLK_LFT,76
train,COUGH,S013_F_COUG_WLK_LFT_HF,76
train,COUGH,S013_F_COUG_WLK_RGT,81
train,COUGH,S013_F_COUG_WLK_RGT_HF,81
train,COUGH,S014_F_COUG_STD_FCE,61
train,COUGH,S014_F_COUG_STD_FCE_HF,61
train,COUGH,S014_F_COUG_STD_LFT,66
train,COUGH,S014_F_COUG_STD_LFT_HF,66
train,COUGH,S014_F_COUG_STD_RGT,71
train,COUGH,S014_F_COUG_STD_RGT_HF,71
train,COUGH,S014_F_COUG_WLK_FCE,71
train,COUGH,S014_F_COUG_WLK_FCE_HF,71
train,COUGH,S014_F_COUG_WLK_LFT,66
train,COUGH,S014_F_COUG_WLK_LFT_HF,66
train,COUGH,S014_F_COUG_WLK_RGT,71
train,COUGH,S014_F_COUG_WLK_RGT_HF,71
train,COUGH,S015_M_COUG_STD_FCE,106
train,COUGH,S015_M_COUG_STD_FCE_HF,106
train,COUGH,S015_M_COUG_STD_LFT,101
train,COUGH,S015_M_COUG_STD_LFT_HF,101
train,COUGH,S015_M_COUG_STD_RGT,121
train,COUGH,S015_M_COUG_STD_RGT_HF,121
train,COUGH,S015_M_COUG_WLK_FCE,81
train,COUGH,S015_M_COUG_WLK_FCE_HF,81
train,COUGH,S015_M_COUG_WLK_LFT,86
train,COUGH,S015_M_COUG_WLK_LFT_HF,86
train,COUGH,S015_M_COUG_WLK_RGT,91
train,COUGH,S015_M_COUG_WLK_RGT_HF,91
train,COUGH,S016_F_COUG_STD_FCE,56
train,COUGH,S016_F_COUG_STD_FCE_HF,56
train,COUGH,S016_F_COUG_STD_LFT,56
train,COUGH,S016_F_COUG_STD_LFT_HF,56
train,COUGH,S016_F_COUG_STD_RGT,51
train,COUGH,S016_F_COUG_STD_RGT_HF,51
train,COUGH,S016_F_COUG_WLK_FCE,61
train,COUGH,S016_F_COUG_WLK_FCE_HF,61
train,COUGH,S016_F_COUG_WLK_LFT,71
train,COUGH,S016_F_COUG_WLK_LFT_HF,71
train,COUGH,S016_F_COUG_WLK_RGT,76
train,COUGH,S016_F_COUG_WLK_RGT_HF,76
train,COUGH,S017_F_COUG_STD_FCE,56
train,COUGH,S017_F_COUG_STD_FCE_HF,56
train,COUGH,S017_F_COUG_STD_LFT,66
train,COUGH,S017_F_COUG_STD_LFT_HF,66
train,COUGH,S017_F_COUG_STD_RGT,61
train,COUGH,S017_F_COUG_STD_RGT_HF,61
train,COUGH,S017_F_COUG_WLK_FCE,71
train,COUGH,S017_F_COUG_WLK_FCE_HF,71
train,COUGH,S017_F_COUG_WLK_LFT,76
train,COUGH,S017_F_COUG_WLK_LFT_HF,76
train,COUGH,S017_F_COUG_WLK_RGT,76
train,COUGH,S017_F_COUG_WLK_RGT_HF,76
train,COUGH,S018_M_COUG_STD_FCE,51
train,COUGH,S018_M_COUG_STD_FCE_HF,51
train,COUGH,S018_M_COUG_STD_LFT,46
train,COUGH,S018_M_COUG_STD_LFT_HF,46
train,COUGH,S018_M_COUG_STD_RGT,46
train,COUGH,S018_M_COUG_STD_RGT_HF,46
train,COUGH,S018_M_COUG_WLK_FCE,61
train,COUGH,S018_M_COUG_WLK_FCE_HF,61
train,COUGH,S018_M_COUG_WLK_LFT,71
train,COUGH,S018_M_COUG_WLK_LFT_HF,71
train,COUGH,S018_M_COUG_WLK_RGT,71
train,COUGH,S018_M_COUG_WLK_RGT_HF,71
train,COUGH,S019_F_COUG_STD_FCE,71
train,COUGH,S019_F_COUG_STD_FCE_HF,71
train,COUGH,S019_F_COUG_STD_LFT,66
train,COUGH,S019_F_COUG_STD_LFT_HF,66
train,COUGH,S019_F_COUG_STD_RGT,66
train,COUGH,S019_F_COUG_STD_RGT_HF,66
train,COUGH,S019_F_COUG_WLK_FCE,66
train,COUGH,S019_F_COUG_WLK_FCE_HF,66
train,COUGH,S019_F_COUG_WLK_LFT,76
train,COUGH,S019_F_COUG_WLK_LFT_HF,76
train,COUGH,S019_F_COUG_WLK_RGT,76
train,COUGH,S019_F_COUG_WLK_RGT_HF,76
train,COUGH,S020_F_COUG_STD_FCE,46
train,COUGH,S020_F_COUG_STD_FCE_HF,46
train,COUGH,S020_F_COUG_STD_LFT,41
train,COUGH,S020_F_COUG_STD_LFT_HF,41
train,COUGH,S020_F_COUG_STD_RGT,41
train,COUGH,S020_F_COUG_STD_RGT_HF,41
train,COUGH,S020_F_COUG_WLK_FCE,56
train,COUGH,S020_F_COUG_WLK_FCE_HF,56
train,COUGH,S020_F_COUG_WLK_LFT,61
train,COUGH,S020_F_COUG_WLK_LFT_HF,61
train,COUGH,S020_F_COUG_WLK_RGT,56
train,COUGH,S020_F_COUG_WLK_RGT_HF,56
train,DRINK,S001_M_DRIN_STD_FCE,86
train,DRINK,S001_M_DRIN_STD_FCE_HF,86
train,DRINK,S001_M_DRIN_STD_LFT,61
train,DRINK,S001_M_DRIN_STD_LFT_HF,61
train,DRINK,S001_M_DRIN_STD_RGT,66
train,DRINK,S001_M_DRIN_STD_RGT_HF,66
train,DRINK,S001_M_DRIN_WLK_FCE,66
train,DRINK,S001_M_DRIN_WLK_FCE_HF,66
train,DRINK,S001_M_DRIN_WLK_LFT,71
train,DRINK,S001_M_DRIN_WLK_LFT_HF,71
train,DRINK,S001_M_DRIN_WLK_RGT,66
train,DRINK,S001_M_DRIN_WLK_RGT_HF,66
train,DRINK,S007_M_DRIN_STD_FCE,76
train,DRINK,S007_M_DRIN_STD_FCE_HF,76
train,DRINK,S007_M_DRIN_STD_LFT,71
train,DRINK,S007_M_DRIN_STD_LFT_HF,71
train,DRINK,S007_M_DRIN_STD_RGT,71
train,DRINK,S007_M_DRIN_STD_RGT_HF,71
train,DRINK,S007_M_DRIN_WLK_FCE,81
train,DRINK,S007_M_DRIN_WLK_FCE_HF,81
train,DRINK,S007_M_DRIN_WLK_LFT,76
train,DRINK,S007_M_DRIN_WLK_LFT_HF,76
train,DRINK,S007_M_DRIN_WLK_RGT,76
train,DRINK,S007_M_DRIN_WLK_RGT_HF,76
train,DRINK,S008_M_DRIN_STD_FCE,61
train,DRINK,S008_M_DRIN_STD_FCE_HF,61
train,DRINK,S008_M_DRIN_STD_LFT,66
train,DRINK,S008_M_DRIN_STD_LFT_HF,66
train,DRINK,S008_M_DRIN_STD_RGT,61
train,DRINK,S008_M_DRIN_STD_RGT_HF,61
train,DRINK,S008_M_DRIN_WLK_FCE,71
train,DRINK,S008_M_DRIN_WLK_FCE_HF,71
train,DRINK,S008_M_DRIN_WLK_LFT,81
train,DRINK,S008_M_DRIN_WLK_LFT_HF,81
train,DRINK,S008_M_DRIN_WLK_RGT,71
train,DRINK,S008_M_DRIN_WLK_RGT_HF,71
train,DRINK,S009_M_DRIN_STD_FCE,61
train,DRINK,S009_M_DRIN_STD_FCE_HF,61
train,DRINK,S009_M_DRIN_STD_LFT,61
train,DRINK,S009_M_DRIN_STD_LFT_HF,61
train,DRINK,S009_M_DRIN_STD_RGT,71
train,DRINK,S009_M_DRIN_STD_RGT_HF,71
train,DRINK,S009_M_DRIN_WLK_FCE,56
train,DRINK,S009_M_DRIN_WLK_FCE_HF,56
train,DRINK,S009_M_DRIN_WLK_LFT,61
train,DRINK,S009_M_DRIN_WLK_LFT_HF,61
train,DRINK,S009_M_DRIN_WLK_RGT,61
train,DRINK,S009_M_DRIN_WLK_RGT_HF,61
train,DRINK,S010_F_DRIN_STD_FCE,66
train,DRINK,S010_F_DRIN_STD_FCE_HF,66
train,DRINK,S010_F_DRIN_STD_LFT,56
train,DRINK,S010_F_DRIN_STD_LFT_HF,56
train,DRINK,S010_F_DRIN_STD_RGT,56
train,DRINK,S010_F_DRIN_STD_RGT_HF,56
train,DRINK,S010_F_DRIN_WLK_FCE,66
train,DRINK,S010_F_DRIN_WLK_FCE_HF,66
train,DRINK,S010_F_DRIN_WLK_LFT,71
train,DRINK,S010_F_DRIN_WLK_LFT_HF,71
train,DRINK,S010_F_DRIN_WLK_RGT,61
train,DRINK,S010_F_DRIN_WLK_RGT_HF,61
train,DRINK,S011_F_DRIN_STD_FCE,66
train,DRINK,S011_F_DRIN_STD_FCE_HF,66
train,DRINK,S011_F_DRIN_STD_LFT,101
train,DRINK,S011_F_DRIN_STD_LFT_HF,101
train,DRINK,S011_F_DRIN_STD_RGT,91
train,DRINK,S011_F_DRIN_STD_RGT_HF,91
train,DRINK,S011_F_DRIN_WLK_FCE,76
train,DRINK,S011_F_DRIN_WLK_FCE_HF,76
train,DRINK,S011_F_DRIN_WLK_LFT,106
train,DRINK,S011_F_DRIN_WLK_LFT_HF,106
train,DRINK,S011_F_DRIN_WLK_RGT,91
train,DRINK,S011_F_DRIN_WLK_RGT_HF,91
train,DRINK,S012_M_DRIN_STD_FCE,66
train,DRINK,S012_M_DRIN_STD_FCE_HF,66
train,DRINK,S012_M_DRIN_STD_LFT,61
train,DRINK,S012_M_DRIN_STD_LFT_HF,61
train,DRINK,S012_M_DRIN_STD_RGT,61
train,DRINK,S012_M_DRIN_STD_RGT_HF,61
train,DRINK,S012_M_DRIN_WLK_FCE,71
train,DRINK,S012_M_DRIN_WLK_FCE_HF,71
train,DRINK,S012_M_DRIN_WLK_LFT,81
train,DRINK,S012_M_DRIN_WLK_LFT_HF,81
train,DRINK,S012_M_DRIN_WLK_RGT,66
train,DRINK,S012_M_DRIN_WLK_RGT_HF,66
train,DRINK,S013_F_DRIN_STD_FCE,56
train,DRINK,S013_F_DRIN_STD_FCE_HF,56
train,DRINK,S013_F_DRIN_STD_LFT,61
train,DRINK,S013_F_DRIN_STD_LFT_HF,61
train,DRINK,S013_F_DRIN_STD_RGT,56
train,DRINK,S013_F_DRIN_STD_RGT_HF,56
train,DRINK,S013_F_DRIN_WLK_FCE,66
train,DRINK,S013_F_DRIN_WLK_FCE_HF,66
train,DRINK,S013_F_DRIN_WLK_LFT,76
train,DRINK,S013_F_DRIN_WLK_LFT_HF,76
train,DRINK,S013_F_DRIN_WLK_RGT,81
train,DRINK,S013_F_DRIN_WLK_RGT_HF,81
train,DRINK,S014_F_DRIN_STD_FCE,56
train,DRINK,S014_F_DRIN_STD_FCE_HF,56
train,DRINK,S014_F_DRIN_STD_LFT,51
train,DRINK,S014_F_DRIN_STD_LFT_HF,51
train,DRINK,S014_F_DRIN_STD_RGT,46
train,DRINK,S014_F_DRIN_STD_RGT_HF,46
train,DRINK,S014_F_DRIN_WLK_FCE,61
train,DRINK,S014_F_DRIN_WLK_FCE_HF,61
train,DRINK,S014_F_DRIN_WLK_LFT,66
train,DRINK,S014_F_DRIN_WLK_LFT_HF,66
train,DRINK,S014_F_DRIN_WLK_RGT,61
train,DRINK,S014_F_DRIN_WLK_RGT_HF,61
train,DRINK,S015_M_DRIN_STD_FCE,101
train,DRINK,S015_M_DRIN_STD_FCE_HF,101
train,DRINK,S015_M_DRIN_STD_LFT,96
train,DRINK,S015_M_DRIN_STD_LFT_HF,96
train,DRINK,S015_M_DRIN_STD_RGT,91
train,DRINK,S015_M_DRIN_STD_RGT_HF,91
train,DRINK,S015_M_DRIN_WLK_FCE,91
train,DRINK,S015_M_DRIN_WLK_FCE_HF,91
train,DRINK,S015_M_DRIN_WLK_LFT,101
train,DRINK,S015_M_DRIN_WLK_LFT_HF,101
train,DRINK,S015_M_DRIN_WLK_RGT,96
train,DRINK,S015_M_DRIN_WLK_RGT_HF,96
train,DRINK,S016_F_DRIN_STD_FCE,96
train,DRINK,S016_F_DRIN_STD_FCE_HF,96
train,DRINK,S016_F_DRIN_STD_LFT,81
train,DRINK,S016_F_DRIN_STD_LFT_HF,81
train,DRINK,S016_F_DRIN_STD_RGT,81
train,DRINK,S016_F_DRIN_STD_RGT_HF,81
train,DRINK,S016_F_DRIN_WLK_FCE,96
train,DRINK,S016_F_DRIN_WLK_FCE_HF,96
train,DRINK,S016_F_DRIN_WLK_LFT,106
train,DRINK,S016_F_DRIN_WLK_LFT_HF,106
train,DRINK,S016_F_DRIN_WLK_RGT,96
train,DRINK,S016_F_DRIN_WLK_RGT_HF,96
train,DRINK,S017_F_DRIN_STD_FCE,91
train,DRINK,S017_F_DRIN_STD_FCE_HF,91
train,DRINK,S017_F_DRIN_STD_LFT,96
train,DRINK,S017_F_DRIN_STD_LFT_HF,96
train,DRINK,S017_F_DRIN_STD_RGT,91
train,DRINK,S017_F_DRIN_STD_RGT_HF,91
train,DRINK,S017_F_DRIN_WLK_FCE,96
train,DRINK,S017_F_DRIN_WLK_FCE_HF,96
train,DRINK,S017_F_DRIN_WLK_LFT,96
train,DRINK,S017_F_DRIN_WLK_LFT_HF,96
train,DRINK,S017_F_DRIN_WLK_RGT,101
train,DRINK,S017_F_DRIN_WLK_RGT_HF,101
train,DRINK,S018_M_DRIN_STD_FCE,56
train,DRINK,S018_M_DRIN_STD_FCE_HF,56
train,DRINK,S018_M_DRIN_STD_LFT,61
train,DRINK,S018_M_DRIN_STD_LFT_HF,61
train,DRINK,S018_M_DRIN_STD_RGT,51
train,DRINK,S018_M_DRIN_STD_RGT_HF,51
train,DRINK,S018_M_DRIN_WLK_FCE,66
train,DRINK,S018_M_DRIN_WLK_FCE_HF,66
train,DRINK,S018_M_DRIN_WLK_LFT,81
train,DRINK,S018_M_DRIN_WLK_LFT_HF,81
train,DRINK,S018_M_DRIN_WLK_RGT,76
train,DRINK,S018_M_DRIN_WLK_RGT_HF,76
train,DRINK,S019_F_DRIN_STD_FCE,66
train,DRINK,S019_F_DRIN_STD_FCE_HF,66
train,DRINK,S019_F_DRIN_STD_LFT,71
train,DRINK,S019_F_DRIN_STD_LFT_HF,71
train,DRINK,S019_F_DRIN_STD_RGT,71
train,DRINK,S019_F_DRIN_STD_RGT_HF,71
train,DRINK,S019_F_DRIN_WLK_FCE,71
train,DRINK,S019_F_DRIN_WLK_FCE_HF,71
train,DRINK,S019_F_DRIN_WLK_LFT,86
train,DRINK,S019_F_DRIN_WLK_LFT_HF,86
train,DRINK,S019_F_DRIN_WLK_RGT,71
train,DRINK,S019_F_DRIN_WLK_RGT_HF,71
train,DRINK,S020_F_DRIN_STD_FCE,51
train,DRINK,S020_F_DRIN_STD_FCE_HF,51
train,DRINK,S020_F_DRIN_STD_LFT,61
train,DRINK,S020_F_DRIN_STD_LFT_HF,61
train,DRINK,S020_F_DRIN_STD_RGT,56
train,DRINK,S020_F_DRIN_STD_RGT_HF,56
train,DRINK,S020_F_DRIN_WLK_FCE,56
train,DRINK,S020_F_DRIN_WLK_FCE_HF,56
train,DRINK,S020_F_DRIN_WLK_LFT,66
train,DRINK,S020_F_DRIN_WLK_LFT_HF,66
train,DRINK,S020_F_DRIN_WLK_RGT,61
train,DRINK,S020_F_DRIN_WLK_RGT_HF,61
train,SCRATCH,S001_M_SCRA_STD_FCE,66
train,SCRATCH,S001_M_SCRA_STD_FCE_HF,66
train,SCRATCH,S001_M_SCRA_STD_LFT,66
train,SCRATCH,S001_M_SCRA_STD_LFT_HF,66
train,SCRATCH,S001_M_SCRA_STD_RGT,66
train,SCRATCH,S001_M_SCRA_STD_RGT_HF,66
train,SCRATCH,S001_M_SCRA_WLK_FCE,66
train,SCRATCH,S001_M_SCRA_WLK_FCE_HF,66
train,SCRATCH,S001_M_SCRA_WLK_LFT,76
train,SCRATCH,S001_M_SCRA_WLK_LFT_HF,76
train,SCRATCH,S001_M_SCRA_WLK_RGT,76
train,SCRATCH,S001_M_SCRA_WLK_RGT_HF,76
train,SCRATCH,S007_M_SCRA_STD_FCE,66
train,SCRATCH,S007_M_SCRA_STD_FCE_HF,66
train,SCRATCH,S007_M_SCRA_STD_LFT,71
train,SCRATCH,S007_M_SCRA_STD_LFT_HF,71
train,SCRATCH,S007_M_SCRA_STD_RGT,61
train,SCRATCH,S007_M_SCRA_STD_RGT_HF,61
train,SCRATCH,S007_M_SCRA_WLK_FCE,81
train,SCRATCH,S007_M_SCRA_WLK_FCE_HF,81
train,SCRATCH,S007_M_SCRA_WLK_LFT,76
train,SCRATCH,S007_M_SCRA_WLK_LFT_HF,76
train,SCRATCH,S007_M_SCRA_WLK_RGT,81
train,SCRATCH,S007_M_SCRA_WLK_RGT_HF,81
train,SCRATCH,S008_M_SCRA_STD_FCE,51
train,SCRATCH,S008_M_SCRA_STD_FCE_HF,51
train,SCRATCH,S008_M_SCRA_STD_LFT,46
train,SCRATCH,S008_M_SCRA_STD_LFT_HF,46
train,SCRATCH,S008_M_SCRA_STD_RGT,51
train,SCRATCH,S008_M_SCRA_STD_RGT_HF,51
train,SCRATCH,S008_M_SCRA_WLK_FCE,61
train,SCRATCH,S008_M_SCRA_WLK_FCE_HF,61
train,SCRATCH,S008_M_SCRA_WLK_LFT,71
train,SCRATCH,S008_M_SCRA_WLK_LFT_HF,71
train,SCRATCH,S008_M_SCRA_WLK_RGT,56
train,SCRATCH,S008_M_SCRA_WLK_RGT_HF,56
train,SCRATCH,S009_M_SCRA_STD_FCE,66
train,SCRATCH,S009_M_SCRA_STD_FCE_HF,66
train,SCRATCH,S009_M_SCRA_STD_LFT,66
train,SCRATCH,S009_M_SCRA_STD_LFT_HF,66
train,SCRATCH,S009_M_SCRA_STD_RGT,56
train,SCRATCH,S009_M_SCRA_STD_RGT_HF,56
train,SCRATCH,S009_M_SCRA_WLK_FCE,66
train,SCRATCH,S009_M_SCRA_WLK_FCE_HF,66
train,SCRATCH,S009_M_SCRA_WLK_LFT,71
train,SCRATCH,S009_M_SCRA_WLK_LFT_HF,71
train,SCRATCH,S009_M_SCRA_WLK_RGT,66
train,SCRATCH,S009_M_SCRA_WLK_RGT_HF,66
train,SCRATCH,S010_F_SCRA_STD_FCE,46
train,SCRATCH,S010_F_SCRA_STD_FCE_HF,46
train,SCRATCH,S010_F_SCRA_STD_LFT,51
train,SCRATCH,S010_F_SCRA_STD_LFT_HF,51
train,SCRATCH,S010_F_SCRA_STD_RGT,46
train,SCRATCH,S010_F_SCRA_STD_RGT_HF,46
train,SCRATCH,S010_F_SCRA_WLK_FCE,61
train,SCRATCH,S010_F_SCRA_WLK_FCE_HF,61
train,SCRATCH,S010_F_SCRA_WLK_LFT,76
train,SCRATCH,S010_F_SCRA_WLK_LFT_HF,76
train,SCRATCH,S010_F_SCRA_WLK_RGT,66
train,SCRATCH,S010_F_SCRA_WLK_RGT_HF,66
train,SCRATCH,S011_F_SCRA_STD_FCE,96
train,SCRATCH,S011_F_SCRA_STD_FCE_HF,96
train,SCRATCH,S011_F_SCRA_STD_LFT,101
train,SCRATCH,S011_F_SCRA_STD_LFT_HF,101
train,SCRATCH,S011_F_SCRA_STD_RGT,66
train,SCRATCH,S011_F_SCRA_STD_RGT_HF,66
train,SCRATCH,S011_F_SCRA_WLK_FCE,96
train,SCRATCH,S011_F_SCRA_WLK_FCE_HF,96
train,SCRATCH,S011_F_SCRA_WLK_LFT,96
train,SCRATCH,S011_F_SCRA_WLK_LFT_HF,96
train,SCRATCH,S011_F_SCRA_WLK_RGT,91
train,SCRATCH,S011_F_SCRA_WLK_RGT_HF,91
train,SCRATCH,S012_M_SCRA_STD_FCE,46
train,SCRATCH,S012_M_SCRA_STD_FCE_HF,46
train,SCRATCH,S012_M_SCRA_STD_LFT,51
train,SCRATCH,S012_M_SCRA_STD_LFT_HF,51
train,SCRATCH,S012_M_SCRA_STD_RGT,51
train,SCRATCH,S012_M_SCRA_STD_RGT_HF,51
train,SCRATCH,S012_M_SCRA_WLK_FCE,56
train,SCRATCH,S012_M_SCRA_WLK_FCE_HF,56
train,SCRATCH,S012_M_SCRA_WLK_LFT,66
train,SCRATCH,S012_M_SCRA_WLK_LFT_HF,66
train,SCRATCH,S012_M_SCRA_WLK_RGT,61
train,SCRATCH,S012_M_SCRA_WLK_RGT_HF,61
train,SCRATCH,S013_F_SCRA_STD_FCE,51
train,SCRATCH,S013_F_SCRA_STD_FCE_HF,51
train,SCRATCH,S013_F_SCRA_STD_LFT,51
train,SCRATCH,S013_F_SCRA_STD_LFT_HF,51
train,SCRATCH,S013_F_SCRA_STD_RGT,46
train,SCRATCH,S013_F_SCRA_STD_RGT_HF,46
train,SCRATCH,S013_F_SCRA_WLK_FCE,71
train,SCRATCH,S013_F_SCRA_WLK_FCE_HF,71
train,SCRATCH,S013_F_SCRA_WLK_LFT,76
train,SCRATCH,S013_F_SCRA_WLK_LFT_HF,76
train,SCRATCH,S013_F_SCRA_WLK_RGT,76
train,SCRATCH,S013_F_SCRA_WLK_RGT_HF,76
train,SCRATCH,S014_F_SCRA_STD_FCE,46
train,SCRATCH,S014_F_SCRA_STD_FCE_HF,46
train,SCRATCH,S014_F_SCRA_STD_LFT,51
train,SCRATCH,S014_F_SCRA_STD_LFT_HF,51
train,SCRATCH,S014_F_SCRA_STD_RGT,56
train,SCRATCH,S014_F_SCRA_STD_RGT_HF,56
train,SCRATCH,S014_F_SCRA_WLK_FCE,56
train,SCRATCH,S014_F_SCRA_WLK_FCE_HF,56
train,SCRATCH,S014_F_SCRA_WLK_LFT,61
train,SCRATCH,S014_F_SCRA_WLK_LFT_HF,61
train,SCRATCH,S014_F_SCRA_WLK_RGT,56
train,SCRATCH,S014_F_SCRA_WLK_RGT_HF,56
train,SCRATCH,S015_M_SCRA_STD_FCE,81
train,SCRATCH,S015_M_SCRA_STD_FCE_HF,81
train,SCRATCH,S015_M_SCRA_STD_LFT,76
train,SCRATCH,S015_M_SCRA_STD_LFT_HF,76
train,SCRATCH,S015_M_SCRA_STD_RGT,66
train,SCRATCH,S015_M_SCRA_STD_RGT_HF,66
train,SCRATCH,S015_M_SCRA_WLK_FCE,76
train,SCRATCH,S015_M_SCRA_WLK_FCE_HF,76
train,SCRATCH,S015_M_SCRA_WLK_LFT,86
train,SCRATCH,S015_M_SCRA_WLK_LFT_HF,86
train,SCRATCH,S015_M_SCRA_WLK_RGT,81
train,SCRATCH,S015_M_SCRA_WLK_RGT_HF,81
train,SCRATCH,S016_F_SCRA_STD_FCE,51
train,SCRATCH,S016_F_SCRA_STD_FCE_HF,51
train,SCRATCH,S016_F_SCRA_STD_LFT,46
train,SCRATCH,S016_F_SCRA_STD_LFT_HF,46
train,SCRATCH,S016_F_SCRA_STD_RGT,56
train,SCRATCH,S016_F_SCRA_STD_RGT_HF,56
train,SCRATCH,S016_F_SCRA_WLK_FCE,66
train,SCRATCH,S016_F_SCRA_WLK_FCE_HF,66
train,SCRATCH,S016_F_SCRA_WLK_LFT,71
train,SCRATCH,S016_F_SCRA_WLK_LFT_HF,71
train,SCRATCH,S016_F_SCRA_WLK_RGT,71
train,SCRATCH,S016_F_SCRA_WLK_RGT_HF,71
train,SCRATCH,S017_F_SCRA_STD_FCE,56
train,SCRATCH,S017_F_SCRA_STD_FCE_HF,56
train,SCRATCH,S017_F_SCRA_STD_LFT,51
train,SCRATCH,S017_F_SCRA_STD_LFT_HF,51
train,SCRATCH,S017_F_SCRA_STD_RGT,51
train,SCRATCH,S017_F_SCRA_STD_RGT_HF,51
train,SCRATCH,S017_F_SCRA_WLK_FCE,71
train,SCRATCH,S017_F_SCRA_WLK_FCE_HF,71
train,SCRATCH,S017_F_SCRA_WLK_LFT,76
train,SCRATCH,S017_F_SCRA_WLK_LFT_HF,76
train,SCRATCH,S017_F_SCRA_WLK_RGT,71
train,SCRATCH,S017_F_SCRA_WLK_RGT_HF,71
train,SCRATCH,S018_M_SCRA_STD_FCE,51
train,SCRATCH,S018_M_SCRA_STD_FCE_HF,51
train,SCRATCH,S018_M_SCRA_STD_LFT,56
train,SCRATCH,S018_M_SCRA_STD_LFT_HF,56
train,SCRATCH,S018_M_SCRA_STD_RGT,56
train,SCRATCH,S018_M_SCRA_STD_RGT_HF,56
train,SCRATCH,S018_M_SCRA_WLK_FCE,66
train,SCRATCH,S018_M_SCRA_WLK_FCE_HF,66
train,SCRATCH,S018_M_SCRA_WLK_LFT,81
train,SCRATCH,S018_M_SCRA_WLK_LFT_HF,81
train,SCRATCH,S018_M_SCRA_WLK_RGT,76
train,SCRATCH,S018_M_SCRA_WLK_RGT_HF,76
train,SCRATCH,S019_F_SCRA_STD_FCE,81
train,SCRATCH,S019_F_SCRA_STD_FCE_HF,81
train,SCRATCH,S019_F_SCRA_STD_LFT,86
train,SCRATCH,S019_F_SCRA_STD_LFT_HF,86
train,SCRATCH,S019_F_SCRA_STD_RGT,81
train,SCRATCH,S019_F_SCRA_STD_RGT_HF,81
train,SCRATCH,S019_F_SCRA_WLK_FCE,81
train,SCRATCH,S019_F_SCRA_WLK_FCE_HF,81
train,SCRATCH,S019_F_SCRA_WLK_LFT,91
train,SCRATCH,S019_F_SCRA_WLK_LFT_HF,91
train,SCRATCH,S019_F_SCRA_WLK_RGT,86
train,SCRATCH,S019_F_SCRA_WLK_RGT_HF,86
train,SCRATCH,S020_F_SCRA_STD_FCE,41
train,SCRATCH,S020_F_SCRA_STD_FCE_HF,41
train,SCRATCH,S020_F_SCRA_STD_LFT,46
train,SCRATCH,S020_F_SCRA_STD_LFT_HF,46
train,SCRATCH,S020_F_SCRA_STD_RGT,41
train,SCRATCH,S020_F_SCRA_STD_RGT_HF,41
train,SCRATCH,S020_F_SCRA_WLK_FCE,56
train,SCRATCH,S020_F_SCRA_WLK_FCE_HF,56
train,SCRATCH,S020_F_SCRA_WLK_LFT,61
train,SCRATCH,S020_F_SCRA_WLK_LFT_HF,61
train,SCRATCH,S020_F_SCRA_WLK_RGT,61
train,SCRATCH,S020_F_SCRA_WLK_RGT_HF,61
train,SNEEZE,S001_M_SNEE_STD_FCE,36
train,SNEEZE,S001_M_SNEE_STD_FCE_HF,36
train,SNEEZE,S001_M_SNEE_STD_LFT,36
train,SNEEZE,S001_M_SNEE_STD_LFT_HF,36
train,SNEEZE,S001_M_SNEE_STD_RGT,31
train,SNEEZE,S001_M_SNEE_STD_RGT_HF,31
train,SNEEZE,S001_M_SNEE_WLK_FCE,81
train,SNEEZE,S001_M_SNEE_WLK_FCE_HF,81
train,SNEEZE,S001_M_SNEE_WLK_LFT,76
train,SNEEZE,S001_M_SNEE_WLK_LFT_HF,76
train,SNEEZE,S001_M_SNEE_WLK_RGT,81
train,SNEEZE,S001_M_SNEE_WLK_RGT_HF,81
train,SNEEZE,S007_M_SNEE_STD_FCE,46
train,SNEEZE,S007_M_SNEE_STD_FCE_HF,46
train,SNEEZE,S007_M_SNEE_STD_LFT,41
train,SNEEZE,S007_M_SNEE_STD_LFT_HF,41
train,SNEEZE,S007_M_SNEE_STD_RGT,41
train,SNEEZE,S007_M_SNEE_STD_RGT_HF,41
train,SNEEZE,S007_M_SNEE_WLK_FCE,61
train,SNEEZE,S007_M_SNEE_WLK_FCE_HF,61
train,SNEEZE,S007_M_SNEE_WLK_LFT,71
train,SNEEZE,S007_M_SNEE_WLK_LFT_HF,71
train,SNEEZE,S007_M_SNEE_WLK_RGT,61
train,SNEEZE,S007_M_SNEE_WLK_RGT_HF,61
train,SNEEZE,S008_M_SNEE_STD_FCE,46
train,SNEEZE,S008_M_SNEE_STD_FCE_HF,46
train,SNEEZE,S008_M_SNEE_STD_LFT,46
train,SNEEZE,S008_M_SNEE_STD_LFT_HF,46
train,SNEEZE,S008_M_SNEE_STD_RGT,46
train,SNEEZE,S008_M_SNEE_STD_RGT_HF,46
train,SNEEZE,S008_M_SNEE_WLK_FCE,66
train,SNEEZE,S008_M_SNEE_WLK_FCE_HF,66
train,SNEEZE,S008_M_SNEE_WLK_LFT,71
train,SNEEZE,S008_M_SNEE_WLK_LFT_HF,71
train,SNEEZE,S008_M_SNEE_WLK_RGT,71
train,SNEEZE,S008_M_SNEE_WLK_RGT_HF,71
train,SNEEZE,S009_M_SNEE_STD_FCE,36
train,SNEEZE,S009_M_SNEE_STD_FCE_HF,36
train,SNEEZE,S009_M_SNEE_STD_LFT,41
train,SNEEZE,S009_M_SNEE_STD_LFT_HF,41
train,SNEEZE,S009_M_SNEE_STD_RGT,41
train,SNEEZE,S009_M_SNEE_STD_RGT_HF,41
train,SNEEZE,S009_M_SNEE_WLK_FCE,56
train,SNEEZE,S009_M_SNEE_WLK_FCE_HF,56
train,SNEEZE,S009_M_SNEE_WLK_LFT,61
train,SNEEZE,S009_M_SNEE_WLK_LFT_HF,61
train,SNEEZE,S009_M_SNEE_WLK_RGT,61
train,SNEEZE,S009_M_SNEE_WLK_RGT_HF,61
train,SNEEZE,S010_F_SNEE_STD_FCE,51
train,SNEEZE,S010_F_SNEE_STD_FCE_HF,51
train,SNEEZE,S010_F_SNEE_STD_LFT,56
train,SNEEZE,S010_F_SNEE_STD_LFT_HF,56
train,SNEEZE,S010_F_SNEE_STD_RGT,46
train,SNEEZE,S010_F_SNEE_STD_RGT_HF,46
train,SNEEZE,S010_F_SNEE_WLK_FCE,61
train,SNEEZE,S010_F_SNEE_WLK_FCE_HF,61
train,SNEEZE,S010_F_SNEE_WLK_LFT,66
train,SNEEZE,S010_F_SNEE_WLK_LFT_HF,66
train,SNEEZE,S010_F_SNEE_WLK_RGT,61
train,SNEEZE,S010_F_SNEE_WLK_RGT_HF,61
train,SNEEZE,S011_F_SNEE_STD_FCE,56
train,SNEEZE,S011_F_SNEE_STD_FCE_HF,56
train,SNEEZE,S011_F_SNEE_STD_LFT,51
train,SNEEZE,S011_F_SNEE_STD_LFT_HF,51
train,SNEEZE,S011_F_SNEE_STD_RGT,56
train,SNEEZE,S011_F_SNEE_STD_RGT_HF,56
train,SNEEZE,S011_F_SNEE_WLK_FCE,66
train,SNEEZE,S011_F_SNEE_WLK_FCE_HF,66
train,SNEEZE,S011_F_SNEE_WLK_LFT,96
train,SNEEZE,S011_F_SNEE_WLK_LFT_HF,96
train,SNEEZE,S011_F_SNEE_WLK_RGT,96
train,SNEEZE,S011_F_SNEE_WLK_RGT_HF,96
train,SNEEZE,S012_M_SNEE_STD_FCE,46
train,SNEEZE,S012_M_SNEE_STD_FCE_HF,46
train,SNEEZE,S012_M_SNEE_STD_LFT,46
train,SNEEZE,S012_M_SNEE_STD_LFT_HF,46
train,SNEEZE,S012_M_SNEE_STD_RGT,41
train,SNEEZE,S012_M_SNEE_STD_RGT_HF,41
train,SNEEZE,S012_M_SNEE_WLK_FCE,61
train,SNEEZE,S012_M_SNEE_WLK_FCE_HF,61
train,SNEEZE,S012_M_SNEE_WLK_LFT,86
train,SNEEZE,S012_M_SNEE_WLK_LFT_HF,86
train,SNEEZE,S012_M_SNEE_WLK_RGT,66
train,SNEEZE,S012_M_SNEE_WLK_RGT_HF,66
train,SNEEZE,S013_F_SNEE_STD_FCE,41
train,SNEEZE,S013_F_SNEE_STD_FCE_HF,41
train,SNEEZE,S013_F_SNEE_STD_LFT,41
train,SNEEZE,S013_F_SNEE_STD_LFT_HF,41
train,SNEEZE,S013_F_SNEE_STD_RGT,46
train,SNEEZE,S013_F_SNEE_STD_RGT_HF,46
train,SNEEZE,S013_F_SNEE_WLK_FCE,71
train,SNEEZE,S013_F_SNEE_WLK_FCE_HF,71
train,SNEEZE,S013_F_SNEE_WLK_LFT,71
train,SNEEZE,S013_F_SNEE_WLK_LFT_HF,71
train,SNEEZE,S013_F_SNEE_WLK_RGT,81
train,SNEEZE,S013_F_SNEE_WLK_RGT_HF,81
train,SNEEZE,S014_F_SNEE_STD_FCE,51
train,SNEEZE,S014_F_SNEE_STD_FCE_HF,51
train,SNEEZE,S014_F_SNEE_STD_LFT,51
train,SNEEZE,S014_F_SNEE_STD_LFT_HF,51
train,SNEEZE,S014_F_SNEE_STD_RGT,61
train,SNEEZE,S014_F_SNEE_STD_RGT_HF,61
train,SNEEZE,S014_F_SNEE_WLK_FCE,61
train,SNEEZE,S014_F_SNEE_WLK_FCE_HF,61
train,SNEEZE,S014_F_SNEE_WLK_LFT,66
train,SNEEZE,S014_F_SNEE_WLK_LFT_HF,66
train,SNEEZE,S014_F_SNEE_WLK_RGT,91
train,SNEEZE,S014_F_SNEE_WLK_RGT_HF,91
train,SNEEZE,S015_M_SNEE_STD_FCE,51
train,SNEEZE,S015_M_SNEE_STD_FCE_HF,51
train,SNEEZE,S015_M_SNEE_STD_LFT,56
train,SNEEZE,S015_M_SNEE_STD_LFT_HF,56
train,SNEEZE,S015_M_SNEE_STD_RGT,51
train,SNEEZE,S015_M_SNEE_STD_RGT_HF,51
train,SNEEZE,S015_M_SNEE_WLK_FCE,71
train,SNEEZE,S015_M_SNEE_WLK_FCE_HF,71
train,SNEEZE,S015_M_SNEE_WLK_LFT,76
train,SNEEZE,S015_M_SNEE_WLK_LFT_HF,76
train,SNEEZE,S015_M_SNEE_WLK_RGT,81
train,SNEEZE,S015_M_SNEE_WLK_RGT_HF,81
train,SNEEZE,S016_F_SNEE_STD_FCE,51
train,SNEEZE,S016_F_SNEE_STD_FCE_HF,51
train,SNEEZE,S016_F_SNEE_STD_LFT,41
train,SNEEZE,S016_F_SNEE_STD_LFT_HF,41
train,SNEEZE,S016_F_SNEE_STD_RGT,41
train,SNEEZE,S016_F_SNEE_STD_RGT_HF,41
train,SNEEZE,S016_F_SNEE_WLK_FCE,56
train,SNEEZE,S016_F_SNEE_WLK_FCE_HF,56
train,SNEEZE,S016_F_SNEE_WLK_LFT,71
train,SNEEZE,S016_F_SNEE_WLK_LFT_HF,71
train,SNEEZE,S016_F_SNEE_WLK_RGT,66
train,SNEEZE,S016_F_SNEE_WLK_RGT_HF,66
train,SNEEZE,S017_F_SNEE_STD_FCE,46
train,SNEEZE,S017_F_SNEE_STD_FCE_HF,46
train,SNEEZE,S017_F_SNEE_STD_LFT,46
train,SNEEZE,S017_F_SNEE_STD_LFT_HF,46
train,SNEEZE,S017_F_SNEE_STD_RGT,51
train,SNEEZE,S017_F_SNEE_STD_RGT_HF,51
train,SNEEZE,S017_F_SNEE_WLK_FCE,66
train,SNEEZE,S017_F_SNEE_WLK_FCE_HF,66
train,SNEEZE,S017_F_SNEE_WLK_LFT,86
train,SNEEZE,S017_F_SNEE_WLK_LFT_HF,86
train,SNEEZE,S017_F_SNEE_WLK_RGT,91
train,SNEEZE,S017_F_SNEE_WLK_RGT_HF,91
train,SNEEZE,S018_M_SNEE_STD_FCE,46
train,SNEEZE,S018_M_SNEE_STD_FCE_HF,46
train,SNEEZE,S018_M_SNEE_STD_LFT,46
train,SNEEZE,S018_M_SNEE_STD_LFT_HF,46
train,SNEEZE,S018_M_SNEE_STD_RGT,46
train,SNEEZE,S018_M_SNEE_STD_RGT_HF,46
train,SNEEZE,S018_M_SNEE_WLK_FCE,51
train,SNEEZE,S018_M_SNEE_WLK_FCE_HF,51
train,SNEEZE,S018_M_SNEE_WLK_LFT,81
train,SNEEZE,S018_M_SNEE_WLK_LFT_HF,81
train,SNEEZE,S018_M_SNEE_WLK_RGT,81
train,SNEEZE,S018_M_SNEE_WLK_RGT_HF,81
train,SNEEZE,S019_F_SNEE_STD_FCE,56
train,SNEEZE,S019_F_SNEE_STD_FCE_HF,56
train,SNEEZE,S019_F_SNEE_STD_LFT,51
train,SNEEZE,S019_F_SNEE_STD_LFT_HF,51
train,SNEEZE,S019_F_SNEE_STD_RGT,51
train,SNEEZE,S019_F_SNEE_STD_RGT_HF,51
train,SNEEZE,S019_F_SNEE_WLK_FCE,56
train,SNEEZE,S019_F_SNEE_WLK_FCE_HF,56
train,SNEEZE,S019_F_SNEE_WLK_LFT,71
train,SNEEZE,S019_F_SNEE_WLK_LFT_HF,71
train,SNEEZE,S019_F_SNEE_WLK_RGT,66
train,SNEEZE,S019_F_SNEE_WLK_RGT_HF,66
train,SNEEZE,S020_F_SNEE_STD_FCE,36
train,SNEEZE,S020_F_SNEE_STD_FCE_HF,36
train,SNEEZE,S020_F_SNEE_STD_LFT,36
train,SNEEZE,S020_F_SNEE_STD_LFT_HF,36
train,SNEEZE,S020_F_SNEE_STD_RGT,41
train,SNEEZE,S020_F_SNEE_STD_RGT_HF,41
train,SNEEZE,S020_F_SNEE_WLK_FCE,56
train,SNEEZE,S020_F_SNEE_WLK_FCE_HF,56
train,SNEEZE,S020_F_SNEE_WLK_LFT,61
train,SNEEZE,S020_F_SNEE_WLK_LFT_HF,61
train,SNEEZE,S020_F_SNEE_WLK_RGT,56
train,SNEEZE,S020_F_SNEE_WLK_RGT_HF,56
train,STRETCH,S001_M_STRE_STD_FCE,66
train,STRETCH,S001_M_STRE_STD_FCE_HF,66
train,STRETCH,S001_M_STRE_STD_LFT,56
train,STRETCH,S001_M_STRE_STD_LFT_HF,56
train,STRETCH,S001_M_STRE_STD_RGT,56
train,STRETCH,S001_M_STRE_STD_RGT_HF,56
train,STRETCH,S001_M_STRE_WLK_FCE,71
train,STRETCH,S001_M_STRE_WLK_FCE_HF,71
train,STRETCH,S001_M_STRE_WLK_LFT,66
train,STRETCH,S001_M_STRE_WLK_LFT_HF,66
train,STRETCH,S001_M_STRE_WLK_RGT,76
train,STRETCH,S001_M_STRE_WLK_RGT_HF,76
train,STRETCH,S007_M_STRE_STD_FCE,71
train,STRETCH,S007_M_STRE_STD_FCE_HF,71
train,STRETCH,S007_M_STRE_STD_LFT,66
train,STRETCH,S007_M_STRE_STD_LFT_HF,66
train,STRETCH,S007_M_STRE_STD_RGT,66
train,STRETCH,S007_M_STRE_STD_RGT_HF,66
train,STRETCH,S007_M_STRE_WLK_FCE,81
train,STRETCH,S007_M_STRE_WLK_FCE_HF,81
train,STRETCH,S007_M_STRE_WLK_LFT,86
train,STRETCH,S007_M_STRE_WLK_LFT_HF,86
train,STRETCH,S007_M_STRE_WLK_RGT,91
train,STRETCH,S007_M_STRE_WLK_RGT_HF,91
train,STRETCH,S008_M_STRE_STD_FCE,56
train,STRETCH,S008_M_STRE_STD_FCE_HF,56
train,STRETCH,S008_M_STRE_STD_LFT,71
train,STRETCH,S008_M_STRE_STD_LFT_HF,71
train,STRETCH,S008_M_STRE_STD_RGT,66
train,STRETCH,S008_M_STRE_STD_RGT_HF,66
train,STRETCH,S008_M_STRE_WLK_FCE,66
train,STRETCH,S008_M_STRE_WLK_FCE_HF,66
train,STRETCH,S008_M_STRE_WLK_LFT,71
train,STRETCH,S008_M_STRE_WLK_LFT_HF,71
train,STRETCH,S008_M_STRE_WLK_RGT,76
train,STRETCH,S008_M_STRE_WLK_RGT_HF,76
train,STRETCH,S009_M_STRE_STD_FCE,61
train,STRETCH,S009_M_STRE_STD_FCE_HF,61
train,STRETCH,S009_M_STRE_STD_LFT,66
train,STRETCH,S009_M_STRE_STD_LFT_HF,66
train,STRETCH,S009_M_STRE_STD_RGT,66
train,STRETCH,S009_M_STRE_STD_RGT_HF,66
train,STRETCH,S009_M_STRE_WLK_FCE,66
train,STRETCH,S009_M_STRE_WLK_FCE_HF,66
train,STRETCH,S009_M_STRE_WLK_LFT,66
train,STRETCH,S009_M_STRE_WLK_LFT_HF,66
train,STRETCH,S009_M_STRE_WLK_RGT,71
train,STRETCH,S009_M_STRE_WLK_RGT_HF,71
train,STRETCH,S010_F_STRE_STD_FCE,51
train,STRETCH,S010_F_STRE_STD_FCE_HF,51
train,STRETCH,S010_F_STRE_STD_LFT,46
train,STRETCH,S010_F_STRE_STD_LFT_HF,46
train,STRETCH,S010_F_STRE_STD_RGT,41
train,STRETCH,S010_F_STRE_STD_RGT_HF,41
train,STRETCH,S010_F_STRE_WLK_FCE,61
train,STRETCH,S010_F_STRE_WLK_FCE_HF,61
train,STRETCH,S010_F_STRE_WLK_LFT,71
train,STRETCH,S010_F_STRE_WLK_LFT_HF,71
train,STRETCH,S010_F_STRE_WLK_RGT,71
train,STRETCH,S010_F_STRE_WLK_RGT_HF,71
train,STRETCH,S011_F_STRE_STD_FCE,66
train,STRETCH,S011_F_STRE_STD_FCE_HF,66
train,STRETCH,S011_F_STRE_STD_LFT,71
train,STRETCH,S011_F_STRE_STD_LFT_HF,71
train,STRETCH,S011_F_STRE_STD_RGT,66
train,STRETCH,S011_F_STRE_STD_RGT_HF,66
train,STRETCH,S011_F_STRE_WLK_FCE,81
train,STRETCH,S011_F_STRE_WLK_FCE_HF,81
train,STRETCH,S011_F_STRE_WLK_LFT,91
train,STRETCH,S011_F_STRE_WLK_LFT_HF,91
train,STRETCH,S011_F_STRE_WLK_RGT,96
train,STRETCH,S011_F_STRE_WLK_RGT_HF,96
train,STRETCH,S012_M_STRE_STD_FCE,51
train,STRETCH,S012_M_STRE_STD_FCE_HF,51
train,STRETCH,S012_M_STRE_STD_LFT,51
train,STRETCH,S012_M_STRE_STD_LFT_HF,51
train,STRETCH,S012_M_STRE_STD_RGT,56
train,STRETCH,S012_M_STRE_STD_RGT_HF,56
train,STRETCH,S012_M_STRE_WLK_FCE,61
train,STRETCH,S012_M_STRE_WLK_FCE_HF,61
train,STRETCH,S012_M_STRE_WLK_LFT,71
train,STRETCH,S012_M_STRE_WLK_LFT_HF,71
train,STRETCH,S012_M_STRE_WLK_RGT,61
train,STRETCH,S012_M_STRE_WLK_RGT_HF,61
train,STRETCH,S013_F_STRE_STD_FCE,66
train,STRETCH,S013_F_STRE_STD_FCE_HF,66
train,STRETCH,S013_F_STRE_STD_LFT,61
train,STRETCH,S013_F_STRE_STD_LFT_HF,61
train,STRETCH,S013_F_STRE_STD_RGT,56
train,STRETCH,S013_F_STRE_STD_RGT_HF,56
train,STRETCH,S013_F_STRE_WLK_FCE,81
train,STRETCH,S013_F_STRE_WLK_FCE_HF,81
train,STRETCH,S013_F_STRE_WLK_LFT,76
train,STRETCH,S013_F_STRE_WLK_LFT_HF,76
train,STRETCH,S013_F_STRE_WLK_RGT,81
train,STRETCH,S013_F_STRE_WLK_RGT_HF,81
train,STRETCH,S014_F_STRE_STD_FCE,46
train,STRETCH,S014_F_STRE_STD_FCE_HF,46
train,STRETCH,S014_F_STRE_STD_LFT,46
train,STRETCH,S014_F_STRE_STD_LFT_HF,46
train,STRETCH,S014_F_STRE_STD_RGT,41
train,STRETCH,S014_F_STRE_STD_RGT_HF,41
train,STRETCH,S014_F_STRE_WLK_FCE,61
train,STRETCH,S014_F_STRE_WLK_FCE_HF,61
train,STRETCH,S014_F_STRE_WLK_LFT,71
train,STRETCH,S014_F_STRE_WLK_LFT_HF,71
train,STRETCH,S014_F_STRE_WLK_RGT,61
train,STRETCH,S014_F_STRE_WLK_RGT_HF,61
train,STRETCH,S015_M_STRE_STD_FCE,56
train,STRETCH,S015_M_STRE_STD_FCE_HF,56
train,STRETCH,S015_M_STRE_STD_LFT,56
train,STRETCH,S015_M_STRE_STD_LFT_HF,56
train,STRETCH,S015_M_STRE_STD_RGT,56
train,STRETCH,S015_M_STRE_STD_RGT_HF,56
train,STRETCH,S015_M_STRE_WLK_FCE,76
train,STRETCH,S015_M_STRE_WLK_FCE_HF,76
train,STRETCH,S015_M_STRE_WLK_LFT,81
train,STRETCH,S015_M_STRE_WLK_LFT_HF,81
train,STRETCH,S015_M_STRE_WLK_RGT,81
train,STRETCH,S015_M_STRE_WLK_RGT_HF,81
train,STRETCH,S016_F_STRE_STD_FCE,66
train,STRETCH,S016_F_STRE_STD_FCE_HF,66
train,STRETCH,S016_F_STRE_STD_LFT,51
train,STRETCH,S016_F_STRE_STD_LFT_HF,51
train,STRETCH,S016_F_STRE_STD_RGT,51
train,STRETCH,S016_F_STRE_STD_RGT_HF,51
train,STRETCH,S016_F_STRE_WLK_FCE,81
train,STRETCH,S016_F_STRE_WLK_FCE_HF,81
train,STRETCH,S016_F_STRE_WLK_LFT,76
train,STRETCH,S016_F_STRE_WLK_LFT_HF,76
train,STRETCH,S016_F_STRE_WLK_RGT,76
train,STRETCH,S016_F_STRE_WLK_RGT_HF,76
train,STRETCH,S017_F_STRE_STD_FCE,66
train,STRETCH,S017_F_STRE_STD_FCE_HF,66
train,STRETCH,S017_F_STRE_STD_LFT,66
train,STRETCH,S017_F_STRE_STD_LFT_HF,66
train,STRETCH,S017_F_STRE_STD_RGT,66
train,STRETCH,S017_F_STRE_STD_RGT_HF,66
train,STRETCH,S017_F_STRE_WLK_FCE,76
train,STRETCH,S017_F_STRE_WLK_FCE_HF,76
train,STRETCH,S017_F_STRE_WLK_LFT,86
train,STRETCH,S017_F_STRE_WLK_LFT_HF,86
train,STRETCH,S017_F_STRE_WLK_RGT,86
train,STRETCH,S017_F_STRE_WLK_RGT_HF,86
train,STRETCH,S018_M_STRE_STD_FCE,56
train,STRETCH,S018_M_STRE_STD_FCE_HF,56
train,STRETCH,S018_M_STRE_STD_LFT,56
train,STRETCH,S018_M_STRE_STD_LFT_HF,56
train,STRETCH,S018_M_STRE_STD_RGT,61
train,STRETCH,S018_M_STRE_STD_RGT_HF,61
train,STRETCH,S018_M_STRE_WLK_FCE,66
train,STRETCH,S018_M_STRE_WLK_FCE_HF,66
train,STRETCH,S018_M_STRE_WLK_LFT,71
train,STRETCH,S018_M_STRE_WLK_LFT_HF,71
train,STRETCH,S018_M_STRE_WLK_RGT,71
train,STRETCH,S018_M_STRE_WLK_RGT_HF,71
train,STRETCH,S019_F_STRE_STD_FCE,61
train,STRETCH,S019_F_STRE_STD_FCE_HF,61
train,STRETCH,S019_F_STRE_STD_LFT,61
train,STRETCH,S019_F_STRE_STD_LFT_HF,61
train,STRETCH,S019_F_STRE_STD_RGT,56
train,STRETCH,S019_F_STRE_STD_RGT_HF,56
train,STRETCH,S019_F_STRE_WLK_FCE,66
train,STRETCH,S019_F_STRE_WLK_FCE_HF,66
train,STRETCH,S019_F_STRE_WLK_LFT,81
train,STRETCH,S019_F_STRE_WLK_LFT_HF,81
train,STRETCH,S019_F_STRE_WLK_RGT,76
train,STRETCH,S019_F_STRE_WLK_RGT_HF,76
train,STRETCH,S020_F_STRE_STD_FCE,51
train,STRETCH,S020_F_STRE_STD_FCE_HF,51
train,STRETCH,S020_F_STRE_STD_LFT,51
train,STRETCH,S020_F_STRE_STD_LFT_HF,51
train,STRETCH,S020_F_STRE_STD_RGT,46
train,STRETCH,S020_F_STRE_STD_RGT_HF,46
train,STRETCH,S020_F_STRE_WLK_FCE,61
train,STRETCH,S020_F_STRE_WLK_FCE_HF,61
train,STRETCH,S020_F_STRE_WLK_LFT,61
train,STRETCH,S020_F_STRE_WLK_LFT_HF,61
train,STRETCH,S020_F_STRE_WLK_RGT,61
train,STRETCH,S020_F_STRE_WLK_RGT_HF,61
train,WAVE,S001_M_WAVE_STD_FCE,46
train,WAVE,S001_M_WAVE_STD_FCE_HF,46
train,WAVE,S001_M_WAVE_STD_LFT,66
train,WAVE,S001_M_WAVE_STD_LFT_HF,66
train,WAVE,S001_M_WAVE_STD_RGT,56
train,WAVE,S001_M_WAVE_STD_RGT_HF,56
train,WAVE,S001_M_WAVE_WLK_FCE,61
train,WAVE,S001_M_WAVE_WLK_FCE_HF,61
train,WAVE,S001_M_WAVE_WLK_LFT,56
train,WAVE,S001_M_WAVE_WLK_LFT_HF,56
train,WAVE,S001_M_WAVE_WLK_RGT,66
train,WAVE,S001_M_WAVE_WLK_RGT_HF,66
train,WAVE,S007_M_WAVE_STD_FCE,41
train,WAVE,S007_M_WAVE_STD_FCE_HF,41
train,WAVE,S007_M_WAVE_STD_LFT,41
train,WAVE,S007_M_WAVE_STD_LFT_HF,41
train,WAVE,S007_M_WAVE_STD_RGT,41
train,WAVE,S007_M_WAVE_STD_RGT_HF,41
train,WAVE,S007_M_WAVE_WLK_FCE,56
train,WAVE,S007_M_WAVE_WLK_FCE_HF,56
train,WAVE,S007_M_WAVE_WLK_LFT,61
train,WAVE,S007_M_WAVE_WLK_LFT_HF,61
train,WAVE,S007_M_WAVE_WLK_RGT,56
train,WAVE,S007_M_WAVE_WLK_RGT_HF,56
train,WAVE,S008_M_WAVE_STD_FCE,56
train,WAVE,S008_M_WAVE_STD_FCE_HF,56
train,WAVE,S008_M_WAVE_STD_LFT,46
train,WAVE,S008_M_WAVE_STD_LFT_HF,46
train,WAVE,S008_M_WAVE_STD_RGT,46
train,WAVE,S008_M_WAVE_STD_RGT_HF,46
train,WAVE,S008_M_WAVE_WLK_FCE,66
train,WAVE,S008_M_WAVE_WLK_FCE_HF,66
train,WAVE,S008_M_WAVE_WLK_LFT,71
train,WAVE,S008_M_WAVE_WLK_LFT_HF,71
train,WAVE,S008_M_WAVE_WLK_RGT,56
train,WAVE,S008_M_WAVE_WLK_RGT_HF,56
train,WAVE,S009_M_WAVE_STD_FCE,56
train,WAVE,S009_M_WAVE_STD_FCE_HF,56
train,WAVE,S009_M_WAVE_STD_LFT,51
train,WAVE,S009_M_WAVE_STD_LFT_HF,51
train,WAVE,S009_M_WAVE_STD_RGT,46
train,WAVE,S009_M_WAVE_STD_RGT_HF,46
train,WAVE,S009_M_WAVE_WLK_FCE,66
train,WAVE,S009_M_WAVE_WLK_FCE_HF,66
train,WAVE,S009_M_WAVE_WLK_LFT,66
train,WAVE,S009_M_WAVE_WLK_LFT_HF,66
train,WAVE,S009_M_WAVE_WLK_RGT,56
train,WAVE,S009_M_WAVE_WLK_RGT_HF,56
train,WAVE,S010_F_WAVE_STD_FCE,61
train,WAVE,S010_F_WAVE_STD_FCE_HF,61
train,WAVE,S010_F_WAVE_STD_LFT,51
train,WAVE,S010_F_WAVE_STD_LFT_HF,51
train,WAVE,S010_F_WAVE_STD_RGT,41
train,WAVE,S010_F_WAVE_STD_RGT_HF,41
train,WAVE,S010_F_WAVE_WLK_FCE,66
train,WAVE,S010_F_WAVE_WLK_FCE_HF,66
train,WAVE,S010_F_WAVE_WLK_LFT,76
train,WAVE,S010_F_WAVE_WLK_LFT_HF,76
train,WAVE,S010_F_WAVE_WLK_RGT,81
train,WAVE,S010_F_WAVE_WLK_RGT_HF,81
train,WAVE,S011_F_WAVE_STD_FCE,56
train,WAVE,S011_F_WAVE_STD_FCE_HF,56
train,WAVE,S011_F_WAVE_STD_LFT,66
train,WAVE,S011_F_WAVE_STD_LFT_HF,66
train,WAVE,S011_F_WAVE_STD_RGT,61
train,WAVE,S011_F_WAVE_STD_RGT_HF,61
train,WAVE,S011_F_WAVE_WLK_FCE,76
train,WAVE,S011_F_WAVE_WLK_FCE_HF,76
train,WAVE,S011_F_WAVE_WLK_LFT,91
train,WAVE,S011_F_WAVE_WLK_LFT_HF,91
train,WAVE,S011_F_WAVE_WLK_RGT,91
train,WAVE,S011_F_WAVE_WLK_RGT_HF,91
train,WAVE,S012_M_WAVE_STD_FCE,51
train,WAVE,S012_M_WAVE_STD_FCE_HF,51
train,WAVE,S012_M_WAVE_STD_LFT,56
train,WAVE,S012_M_WAVE_STD_LFT_HF,56
train,WAVE,S012_M_WAVE_STD_RGT,51
train,WAVE,S012_M_WAVE_STD_RGT_HF,51
train,WAVE,S012_M_WAVE_WLK_FCE,66
train,WAVE,S012_M_WAVE_WLK_FCE_HF,66
train,WAVE,S012_M_WAVE_WLK_LFT,76
train,WAVE,S012_M_WAVE_WLK_LFT_HF,76
train,WAVE,S012_M_WAVE_WLK_RGT,61
train,WAVE,S012_M_WAVE_WLK_RGT_HF,61
train,WAVE,S013_F_WAVE_STD_FCE,51
train,WAVE,S013_F_WAVE_STD_FCE_HF,51
train,WAVE,S013_F_WAVE_STD_LFT,51
train,WAVE,S013_F_WAVE_STD_LFT_HF,51
train,WAVE,S013_F_WAVE_STD_RGT,46
train,WAVE,S013_F_WAVE_STD_RGT_HF,46
train,WAVE,S013_F_WAVE_WLK_FCE,61
train,WAVE,S013_F_WAVE_WLK_FCE_HF,61
train,WAVE,S013_F_WAVE_WLK_LFT,66
train,WAVE,S013_F_WAVE_WLK_LFT_HF,66
train,WAVE,S013_F_WAVE_WLK_RGT,66
train,WAVE,S013_F_WAVE_WLK_RGT_HF,66
train,WAVE,S014_F_WAVE_STD_FCE,46
train,WAVE,S014_F_WAVE_STD_FCE_HF,46
train,WAVE,S014_F_WAVE_STD_LFT,46
train,WAVE,S014_F_WAVE_STD_LFT_HF,46
train,WAVE,S014_F_WAVE_STD_RGT,56
train,WAVE,S014_F_WAVE_STD_RGT_HF,56
train,WAVE,S014_F_WAVE_WLK_FCE,61
train,WAVE,S014_F_WAVE_WLK_FCE_HF,61
train,WAVE,S014_F_WAVE_WLK_LFT,66
train,WAVE,S014_F_WAVE_WLK_LFT_HF,66
train,WAVE,S014_F_WAVE_WLK_RGT,66
train,WAVE,S014_F_WAVE_WLK_RGT_HF,66
train,WAVE,S015_M_WAVE_STD_FCE,61
train,WAVE,S015_M_WAVE_STD_FCE_HF,61
train,WAVE,S015_M_WAVE_STD_LFT,61
train,WAVE,S015_M_WAVE_STD_LFT_HF,61
train,WAVE,S015_M_WAVE_STD_RGT,56
train,WAVE,S015_M_WAVE_STD_RGT_HF,56
train,WAVE,S015_M_WAVE_WLK_FCE,66
train,WAVE,S015_M_WAVE_WLK_FCE_HF,66
train,WAVE,S015_M_WAVE_WLK_LFT,81
train,WAVE,S015_M_WAVE_WLK_LFT_HF,81
train,WAVE,S015_M_WAVE_WLK_RGT,81
train,WAVE,S015_M_WAVE_WLK_RGT_HF,81
train,WAVE,S016_F_WAVE_STD_FCE,56
train,WAVE,S016_F_WAVE_STD_FCE_HF,56
train,WAVE,S016_F_WAVE_STD_LFT,51
train,WAVE,S016_F_WAVE_STD_LFT_HF,51
train,WAVE,S016_F_WAVE_STD_RGT,51
train,WAVE,S016_F_WAVE_STD_RGT_HF,51
train,WAVE,S016_F_WAVE_WLK_FCE,66
train,WAVE,S016_F_WAVE_WLK_FCE_HF,66
train,WAVE,S016_F_WAVE_WLK_LFT,71
train,WAVE,S016_F_WAVE_WLK_LFT_HF,71
train,WAVE,S016_F_WAVE_WLK_RGT,66
train,WAVE,S016_F_WAVE_WLK_RGT_HF,66
train,WAVE,S017_F_WAVE_STD_FCE,56
train,WAVE,S017_F_WAVE_STD_FCE_HF,56
train,WAVE,S017_F_WAVE_STD_LFT,46
train,WAVE,S017_F_WAVE_STD_LFT_HF,46
train,WAVE,S017_F_WAVE_STD_RGT,46
train,WAVE,S017_F_WAVE_STD_RGT_HF,46
train,WAVE,S017_F_WAVE_WLK_FCE,71
train,WAVE,S017_F_WAVE_WLK_FCE_HF,71
train,WAVE,S017_F_WAVE_WLK_LFT,76
train,WAVE,S017_F_WAVE_WLK_LFT_HF,76
train,WAVE,S017_F_WAVE_WLK_RGT,81
train,WAVE,S017_F_WAVE_WLK_RGT_HF,81
train,WAVE,S018_M_WAVE_STD_FCE,41
train,WAVE,S018_M_WAVE_STD_FCE_HF,41
train,WAVE,S018_M_WAVE_STD_LFT,41
train,WAVE,S018_M_WAVE_STD_LFT_HF,41
train,WAVE,S018_M_WAVE_STD_RGT,41
train,WAVE,S018_M_WAVE_STD_RGT_HF,41
train,WAVE,S018_M_WAVE_WLK_FCE,61
train,WAVE,S018_M_WAVE_WLK_FCE_HF,61
train,WAVE,S018_M_WAVE_WLK_LFT,71
train,WAVE,S018_M_WAVE_WLK_LFT_HF,71
train,WAVE,S018_M_WAVE_WLK_RGT,66
train,WAVE,S018_M_WAVE_WLK_RGT_HF,66
train,WAVE,S019_F_WAVE_STD_FCE,61
train,WAVE,S019_F_WAVE_STD_FCE_HF,61
train,WAVE,S019_F_WAVE_STD_LFT,56
train,WAVE,S019_F_WAVE_STD_LFT_HF,56
train,WAVE,S019_F_WAVE_STD_RGT,56
train,WAVE,S019_F_WAVE_STD_RGT_HF,56
train,WAVE,S019_F_WAVE_WLK_FCE,61
train,WAVE,S019_F_WAVE_WLK_FCE_HF,61
train,WAVE,S019_F_WAVE_WLK_LFT,81
train,WAVE,S019_F_WAVE_WLK_LFT_HF,81
train,WAVE,S019_F_WAVE_WLK_RGT,81
train,WAVE,S019_F_WAVE_WLK_RGT_HF,81
train,WAVE,S020_F_WAVE_STD_FCE,46
train,WAVE,S020_F_WAVE_STD_FCE_HF,46
train,WAVE,S020_F_WAVE_STD_LFT,46
train,WAVE,S020_F_WAVE_STD_LFT_HF,46
train,WAVE,S020_F_WAVE_STD_RGT,41
train,WAVE,S020_F_WAVE_STD_RGT_HF,41
train,WAVE,S020_F_WAVE_WLK_FCE,46
train,WAVE,S020_F_WAVE_WLK_FCE_HF,46
train,WAVE,S020_F_WAVE_WLK_LFT,56
train,WAVE,S020_F_WAVE_WLK_LFT_HF,56
train,WAVE,S020_F_WAVE_WLK_RGT,51
train,WAVE,S020_F_WAVE_WLK_RGT_HF,51
train,WIPE,S001_M_WIPE_STD_FCE,91
train,WIPE,S001_M_WIPE_STD_FCE_HF,91
train,WIPE,S001_M_WIPE_STD_LFT,96
train,WIPE,S001_M_WIPE_STD_LFT_HF,96
train,WIPE,S001_M_WIPE_STD_RGT,101
train,WIPE,S001_M_WIPE_STD_RGT_HF,101
train,WIPE,S001_M_WIPE_WLK_FCE,76
train,WIPE,S001_M_WIPE_WLK_FCE_HF,76
train,WIPE,S001_M_WIPE_WLK_LFT,81
train,WIPE,S001_M_WIPE_WLK_LFT_HF,81
train,WIPE,S001_M_WIPE_WLK_RGT,96
train,WIPE,S001_M_WIPE_WLK_RGT_HF,96
train,WIPE,S007_M_WIPE_STD_FCE,86
train,WIPE,S007_M_WIPE_STD_FCE_HF,86
train,WIPE,S007_M_WIPE_STD_LFT,86
train,WIPE,S007_M_WIPE_STD_LFT_HF,86
train,WIPE,S007_M_WIPE_STD_RGT,91
train,WIPE,S007_M_WIPE_STD_RGT_HF,91
train,WIPE,S007_M_WIPE_WLK_FCE,81
train,WIPE,S007_M_WIPE_WLK_FCE_HF,81
train,WIPE,S007_M_WIPE_WLK_LFT,86
train,WIPE,S007_M_WIPE_WLK_LFT_HF,86
train,WIPE,S007_M_WIPE_WLK_RGT,86
train,WIPE,S007_M_WIPE_WLK_RGT_HF,86
train,WIPE,S008_M_WIPE_STD_FCE,91
train,WIPE,S008_M_WIPE_STD_FCE_HF,91
train,WIPE,S008_M_WIPE_STD_LFT,91
train,WIPE,S008_M_WIPE_STD_LFT_HF,91
train,WIPE,S008_M_WIPE_STD_RGT,76
train,WIPE,S008_M_WIPE_STD_RGT_HF,76
train,WIPE,S008_M_WIPE_WLK_FCE,71
train,WIPE,S008_M_WIPE_WLK_FCE_HF,71
train,WIPE,S008_M_WIPE_WLK_LFT,81
train,WIPE,S008_M_WIPE_WLK_LFT_HF,81
train,WIPE,S008_M_WIPE_WLK_RGT,76
train,WIPE,S008_M_WIPE_WLK_RGT_HF,76
train,WIPE,S009_M_WIPE_STD_FCE,76
train,WIPE,S009_M_WIPE_STD_FCE_HF,76
train,WIPE,S009_M_WIPE_STD_LFT,76
train,WIPE,S009_M_WIPE_STD_LFT_HF,76
train,WIPE,S009_M_WIPE_STD_RGT,81
train,WIPE,S009_M_WIPE_STD_RGT_HF,81
train,WIPE,S009_M_WIPE_WLK_FCE,66
train,WIPE,S009_M_WIPE_WLK_FCE_HF,66
train,WIPE,S009_M_WIPE_WLK_LFT,76
train,WIPE,S009_M_WIPE_WLK_LFT_HF,76
train,WIPE,S009_M_WIPE_WLK_RGT,76
train,WIPE,S009_M_WIPE_WLK_RGT_HF,76
train,WIPE,S010_F_WIPE_STD_FCE,86
train,WIPE,S010_F_WIPE_STD_FCE_HF,86
train,WIPE,S010_F_WIPE_STD_LFT,91
train,WIPE,S010_F_WIPE_STD_LFT_HF,91
train,WIPE,S010_F_WIPE_STD_RGT,96
train,WIPE,S010_F_WIPE_STD_RGT_HF,96
train,WIPE,S010_F_WIPE_WLK_FCE,76
train,WIPE,S010_F_WIPE_WLK_FCE_HF,76
train,WIPE,S010_F_WIPE_WLK_LFT,86
train,WIPE,S010_F_WIPE_WLK_LFT_HF,86
train,WIPE,S010_F_WIPE_WLK_RGT,81
train,WIPE,S010_F_WIPE_WLK_RGT_HF,81
train,WIPE,S011_F_WIPE_STD_FCE,106
train,WIPE,S011_F_WIPE_STD_FCE_HF,106
train,WIPE,S011_F_WIPE_STD_LFT,96
train,WIPE,S011_F_WIPE_STD_LFT_HF,96
train,WIPE,S011_F_WIPE_STD_RGT,91
train,WIPE,S011_F_WIPE_STD_RGT_HF,91
train,WIPE,S011_F_WIPE_WLK_FCE,101
train,WIPE,S011_F_WIPE_WLK_FCE_HF,101
train,WIPE,S011_F_WIPE_WLK_LFT,101
train,WIPE,S011_F_WIPE_WLK_LFT_HF,101
train,WIPE,S011_F_WIPE_WLK_RGT,111
train,WIPE,S011_F_WIPE_WLK_RGT_HF,111
train,WIPE,S012_M_WIPE_STD_FCE,81
train,WIPE,S012_M_WIPE_STD_FCE_HF,81
train,WIPE,S012_M_WIPE_STD_LFT,86
train,WIPE,S012_M_WIPE_STD_LFT_HF,86
train,WIPE,S012_M_WIPE_STD_RGT,81
train,WIPE,S012_M_WIPE_STD_RGT_HF,81
train,WIPE,S012_M_WIPE_WLK_FCE,71
train,WIPE,S012_M_WIPE_WLK_FCE_HF,71
train,WIPE,S012_M_WIPE_WLK_LFT,76
train,WIPE,S012_M_WIPE_WLK_LFT_HF,76
train,WIPE,S012_M_WIPE_WLK_RGT,76
train,WIPE,S012_M_WIPE_WLK_RGT_HF,76
train,WIPE,S013_F_WIPE_STD_FCE,86
train,WIPE,S013_F_WIPE_STD_FCE_HF,86
train,WIPE,S013_F_WIPE_STD_LFT,91
train,WIPE,S013_F_WIPE_STD_LFT_HF,91
train,WIPE,S013_F_WIPE_STD_RGT,101
train,WIPE,S013_F_WIPE_STD_RGT_HF,101
train,WIPE,S013_F_WIPE_WLK_FCE,86
train,WIPE,S013_F_WIPE_WLK_FCE_HF,86
train,WIPE,S013_F_WIPE_WLK_LFT,86
train,WIPE,S013_F_WIPE_WLK_LFT_HF,86
train,WIPE,S013_F_WIPE_WLK_RGT,96
train,WIPE,S013_F_WIPE_WLK_RGT_HF,96
train,WIPE,S014_F_WIPE_STD_FCE,91
train,WIPE,S014_F_WIPE_STD_FCE_HF,91
train,WIPE,S014_F_WIPE_STD_LFT,86
train,WIPE,S014_F_WIPE_STD_LFT_HF,86
train,WIPE,S014_F_WIPE_STD_RGT,81
train,WIPE,S014_F_WIPE_STD_RGT_HF,81
train,WIPE,S014_F_WIPE_WLK_FCE,76
train,WIPE,S014_F_WIPE_WLK_FCE_HF,76
train,WIPE,S014_F_WIPE_WLK_LFT,71
train,WIPE,S014_F_WIPE_WLK_LFT_HF,71
train,WIPE,S014_F_WIPE_WLK_RGT,81
train,WIPE,S014_F_WIPE_WLK_RGT_HF,81
train,WIPE,S015_M_WIPE_STD_FCE,101
train,WIPE,S015_M_WIPE_STD_FCE_HF,101
train,WIPE,S015_M_WIPE_STD_LFT,96
train,WIPE,S015_M_WIPE_STD_LFT_HF,96
train,WIPE,S015_M_WIPE_STD_RGT,96
train,WIPE,S015_M_WIPE_STD_RGT_HF,96
train,WIPE,S015_M_WIPE_WLK_FCE,96
train,WIPE,S015_M_WIPE_WLK_FCE_HF,96
train,WIPE,S015_M_WIPE_WLK_LFT,86
train,WIPE,S015_M_WIPE_WLK_LFT_HF,86
train,WIPE,S015_M_WIPE_WLK_RGT,91
train,WIPE,S015_M_WIPE_WLK_RGT_HF,91
train,WIPE,S016_F_WIPE_STD_FCE,91
train,WIPE,S016_F_WIPE_STD_FCE_HF,91
train,WIPE,S016_F_WIPE_STD_LFT,101
train,WIPE,S016_F_WIPE_STD_LFT_HF,101
train,WIPE,S016_F_WIPE_STD_RGT,101
train,WIPE,S016_F_WIPE_STD_RGT_HF,101
train,WIPE,S016_F_WIPE_WLK_FCE,96
train,WIPE,S016_F_WIPE_WLK_FCE_HF,96
train,WIPE,S016_F_WIPE_WLK_LFT,96
train,WIPE,S016_F_WIPE_WLK_LFT_HF,96
train,WIPE,S016_F_WIPE_WLK_RGT,96
train,WIPE,S016_F_WIPE_WLK_RGT_HF,96
train,WIPE,S017_F_WIPE_STD_FCE,106
train,WIPE,S017_F_WIPE_STD_FCE_HF,106
train,WIPE,S017_F_WIPE_STD_LFT,101
train,WIPE,S017_F_WIPE_STD_LFT_HF,101
train,WIPE,S017_F_WIPE_STD_RGT,96
train,WIPE,S017_F_WIPE_STD_RGT_HF,96
train,WIPE,S017_F_WIPE_WLK_FCE,91
train,WIPE,S017_F_WIPE_WLK_FCE_HF,91
train,WIPE,S017_F_WIPE_WLK_LFT,96
train,WIPE,S017_F_WIPE_WLK_LFT_HF,96
train,WIPE,S017_F_WIPE_WLK_RGT,101
train,WIPE,S017_F_WIPE_WLK_RGT_HF,101
train,WIPE,S018_M_WIPE_STD_FCE,96
train,WIPE,S018_M_WIPE_STD_FCE_HF,96
train,WIPE,S018_M_WIPE_STD_LFT,96
train,WIPE,S018_M_WIPE_STD_LFT_HF,96
train,WIPE,S018_M_WIPE_STD_RGT,96
train,WIPE,S018_M_WIPE_STD_RGT_HF,96
train,WIPE,S018_M_WIPE_WLK_FCE,81
train,WIPE,S018_M_WIPE_WLK_FCE_HF,81
train,WIPE,S018_M_WIPE_WLK_LFT,86
train,WIPE,S018_M_WIPE_WLK_LFT_HF,86
train,WIPE,S018_M_WIPE_WLK_RGT,86
train,WIPE,S018_M_WIPE_WLK_RGT_HF,86
train,WIPE,S019_F_WIPE_STD_FCE,111
train,WIPE,S019_F_WIPE_STD_FCE_HF,111
train,WIPE,S019_F_WIPE_STD_LFT,106
train,WIPE,S019_F_WIPE_STD_LFT_HF,106
train,WIPE,S019_F_WIPE_STD_RGT,96
train,WIPE,S019_F_WIPE_STD_RGT_HF,96
train,WIPE,S019_F_WIPE_WLK_FCE,91
train,WIPE,S019_F_WIPE_WLK_FCE_HF,91
train,WIPE,S019_F_WIPE_WLK_LFT,96
train,WIPE,S019_F_WIPE_WLK_LFT_HF,96
train,WIPE,S019_F_WIPE_WLK_RGT,101
train,WIPE,S019_F_WIPE_WLK_RGT_HF,101
train,WIPE,S020_F_WIPE_STD_FCE,81
train,WIPE,S020_F_WIPE_STD_FCE_HF,81
train,WIPE,S020_F_WIPE_STD_LFT,71
train,WIPE,S020_F_WIPE_STD_LFT_HF,71
train,WIPE,S020_F_WIPE_STD_RGT,76
train,WIPE,S020_F_WIPE_STD_RGT_HF,76
train,WIPE,S020_F_WIPE_WLK_FCE,66
train,WIPE,S020_F_WIPE_WLK_FCE_HF,66
train,WIPE,S020_F_WIPE_WLK_LFT,71
train,WIPE,S020_F_WIPE_WLK_LFT_HF,71
train,WIPE,S020_F_WIPE_WLK_RGT,66
train,WIPE,S020_F_WIPE_WLK_RGT_HF,66
test,CALL,S002_M_CALL_STD_FCE,71
test,CALL,S002_M_CALL_STD_FCE_HF,71
test,CALL,S002_M_CALL_STD_LFT,66
test,CALL,S002_M_CALL_STD_LFT_HF,66
test,CALL,S002_M_CALL_STD_RGT,71
test,CALL,S002_M_CALL_STD_RGT_HF,71
test,CALL,S002_M_CALL_WLK_FCE,71
test,CALL,S002_M_CALL_WLK_FCE_HF,71
test,CALL,S002_M_CALL_WLK_LFT,71
test,CALL,S002_M_CALL_WLK_LFT_HF,71
test,CALL,S002_M_CALL_WLK_RGT,76
test,CALL,S002_M_CALL_WLK_RGT_HF,76
test,CALL,S003_M_CALL_STD_FCE,106
test,CALL,S003_M_CALL_STD_FCE_HF,106
test,CALL,S003_M_CALL_STD_LFT,106
test,CALL,S003_M_CALL_STD_LFT_HF,106
test,CALL,S003_M_CALL_STD_RGT,106
test,CALL,S003_M_CALL_STD_RGT_HF,106
test,CALL,S003_M_CALL_WLK_FCE,66
test,CALL,S003_M_CALL_WLK_FCE_HF,66
test,CALL,S003_M_CALL_WLK_LFT,81
test,CALL,S003_M_CALL_WLK_LFT_HF,81
test,CALL,S003_M_CALL_WLK_RGT,81
test,CALL,S003_M_CALL_WLK_RGT_HF,81
test,CALL,S004_M_CALL_STD_FCE,66
test,CALL,S004_M_CALL_STD_FCE_HF,66
test,CALL,S004_M_CALL_STD_LFT,46
test,CALL,S004_M_CALL_STD_LFT_HF,46
test,CALL,S004_M_CALL_STD_RGT,46
test,CALL,S004_M_CALL_STD_RGT_HF,46
test,CALL,S004_M_CALL_WLK_FCE,66
test,CALL,S004_M_CALL_WLK_FCE_HF,66
test,CALL,S004_M_CALL_WLK_LFT,66
test,CALL,S004_M_CALL_WLK_LFT_HF,66
test,CALL,S004_M_CALL_WLK_RGT,71
test,CALL,S004_M_CALL_WLK_RGT_HF,71
test,CALL,S005_M_CALL_STD_FCE,101
test,CALL,S005_M_CALL_STD_FCE_HF,101
test,CALL,S005_M_CALL_STD_LFT,81
test,CALL,S005_M_CALL_STD_LFT_HF,81
test,CALL,S005_M_CALL_STD_RGT,81
test,CALL,S005_M_CALL_STD_RGT_HF,81
test,CALL,S005_M_CALL_WLK_FCE,61
test,CALL,S005_M_CALL_WLK_FCE_HF,61
test,CALL,S005_M_CALL_WLK_LFT,71
test,CALL,S005_M_CALL_WLK_LFT_HF,71
test,CALL,S005_M_CALL_WLK_RGT,71
test,CALL,S005_M_CALL_WLK_RGT_HF,71
test,CALL,S006_M_CALL_STD_FCE,121
test,CALL,S006_M_CALL_STD_FCE_HF,121
test,CALL,S006_M_CALL_STD_LFT,106
test,CALL,S006_M_CALL_STD_LFT_HF,106
test,CALL,S006_M_CALL_STD_RGT,81
test,CALL,S006_M_CALL_STD_RGT_HF,81
test,CALL,S006_M_CALL_WLK_FCE,71
test,CALL,S006_M_CALL_WLK_FCE_HF,71
test,CALL,S006_M_CALL_WLK_LFT,76
test,CALL,S006_M_CALL_WLK_LFT_HF,76
test,CALL,S006_M_CALL_WLK_RGT,76
test,CALL,S006_M_CALL_WLK_RGT_HF,76
test,COUGH,S002_M_COUG_STD_FCE,51
test,COUGH,S002_M_COUG_STD_FCE_HF,51
test,COUGH,S002_M_COUG_STD_LFT,51
test,COUGH,S002_M_COUG_STD_LFT_HF,51
test,COUGH,S002_M_COUG_STD_RGT,51
test,COUGH,S002_M_COUG_STD_RGT_HF,51
test,COUGH,S002_M_COUG_WLK_FCE,61
test,COUGH,S002_M_COUG_WLK_FCE_HF,61
test,COUGH,S002_M_COUG_WLK_LFT,66
test,COUGH,S002_M_COUG_WLK_LFT_HF,66
test,COUGH,S002_M_COUG_WLK_RGT,61
test,COUGH,S002_M_COUG_WLK_RGT_HF,61
test,COUGH,S003_M_COUG_STD_FCE,56
test,COUGH,S003_M_COUG_STD_FCE_HF,56
test,COUGH,S003_M_COUG_STD_LFT,61
test,COUGH,S003_M_COUG_STD_LFT_HF,61
test,COUGH,S003_M_COUG_STD_RGT,56
test,COUGH,S003_M_COUG_STD_RGT_HF,56
test,COUGH,S003_M_COUG_WLK_FCE,66
test,COUGH,S003_M_COUG_WLK_FCE_HF,66
test,COUGH,S003_M_COUG_WLK_LFT,71
test,COUGH,S003_M_COUG_WLK_LFT_HF,71
test,COUGH,S003_M_COUG_WLK_RGT,71
test,COUGH,S003_M_COUG_WLK_RGT_HF,71
test,COUGH,S004_M_COUG_STD_FCE,56
test,COUGH,S004_M_COUG_STD_FCE_HF,56
test,COUGH,S004_M_COUG_STD_LFT,61
test,COUGH,S004_M_COUG_STD_LFT_HF,61
test,COUGH,S004_M_COUG_STD_RGT,66
test,COUGH,S004_M_COUG_STD_RGT_HF,66
test,COUGH,S004_M_COUG_WLK_FCE,66
test,COUGH,S004_M_COUG_WLK_FCE_HF,66
test,COUGH,S004_M_COUG_WLK_LFT,61
test,COUGH,S004_M_COUG_WLK_LFT_HF,61
test,COUGH,S004_M_COUG_WLK_RGT,71
test,COUGH,S004_M_COUG_WLK_RGT_HF,71
test,COUGH,S005_M_COUG_STD_FCE,61
test,COUGH,S005_M_COUG_STD_FCE_HF,61
test,COUGH,S005_M_COUG_STD_LFT,61
test,COUGH,S005_M_COUG_STD_LFT_HF,61
test,COUGH,S005_M_COUG_STD_RGT,56
test,COUGH,S005_M_COUG_STD_RGT_HF,56
test,COUGH,S005_M_COUG_WLK_FCE,61
test,COUGH,S005_M_COUG_WLK_FCE_HF,61
test,COUGH,S005_M_COUG_WLK_LFT,71
test,COUGH,S005_M_COUG_WLK_LFT_HF,71
test,COUGH,S005_M_COUG_WLK_RGT,71
test,COUGH,S005_M_COUG_WLK_RGT_HF,71
test,COUGH,S006_M_COUG_STD_FCE,56
test,COUGH,S006_M_COUG_STD_FCE_HF,56
test,COUGH,S006_M_COUG_STD_LFT,56
test,COUGH,S006_M_COUG_STD_LFT_HF,56
test,COUGH,S006_M_COUG_STD_RGT,61
test,COUGH,S006_M_COUG_STD_RGT_HF,61
test,COUGH,S006_M_COUG_WLK_FCE,71
test,COUGH,S006_M_COUG_WLK_FCE_HF,71
test,COUGH,S006_M_COUG_WLK_LFT,76
test,COUGH,S006_M_COUG_WLK_LFT_HF,76
test,COUGH,S006_M_COUG_WLK_RGT,81
test,COUGH,S006_M_COUG_WLK_RGT_HF,81
test,DRINK,S002_M_DRIN_STD_FCE,51
test,DRINK,S002_M_DRIN_STD_FCE_HF,51
test,DRINK,S002_M_DRIN_STD_LFT,51
test,DRINK,S002_M_DRIN_STD_LFT_HF,51
test,DRINK,S002_M_DRIN_STD_RGT,56
test,DRINK,S002_M_DRIN_STD_RGT_HF,56
test,DRINK,S002_M_DRIN_WLK_FCE,71
test,DRINK,S002_M_DRIN_WLK_FCE_HF,71
test,DRINK,S002_M_DRIN_WLK_LFT,66
test,DRINK,S002_M_DRIN_WLK_LFT_HF,66
test,DRINK,S002_M_DRIN_WLK_RGT,71
test,DRINK,S002_M_DRIN_WLK_RGT_HF,71
test,DRINK,S003_M_DRIN_STD_FCE,61
test,DRINK,S003_M_DRIN_STD_FCE_HF,61
test,DRINK,S003_M_DRIN_STD_LFT,61
test,DRINK,S003_M_DRIN_STD_LFT_HF,61
test,DRINK,S003_M_DRIN_STD_RGT,71
test,DRINK,S003_M_DRIN_STD_RGT_HF,71
test,DRINK,S003_M_DRIN_WLK_FCE,71
test,DRINK,S003_M_DRIN_WLK_FCE_HF,71
test,DRINK,S003_M_DRIN_WLK_LFT,71
test,DRINK,S003_M_DRIN_WLK_LFT_HF,71
test,DRINK,S003_M_DRIN_WLK_RGT,66
test,DRINK,S003_M_DRIN_WLK_RGT_HF,66
test,DRINK,S004_M_DRIN_STD_FCE,46
test,DRINK,S004_M_DRIN_STD_FCE_HF,46
test,DRINK,S004_M_DRIN_STD_LFT,36
test,DRINK,S004_M_DRIN_STD_LFT_HF,36
test,DRINK,S004_M_DRIN_STD_RGT,46
test,DRINK,S004_M_DRIN_STD_RGT_HF,46
test,DRINK,S004_M_DRIN_WLK_FCE,66
test,DRINK,S004_M_DRIN_WLK_FCE_HF,66
test,DRINK,S004_M_DRIN_WLK_LFT,61
test,DRINK,S004_M_DRIN_WLK_LFT_HF,61
test,DRINK,S004_M_DRIN_WLK_RGT,66
test,DRINK,S004_M_DRIN_WLK_RGT_HF,66
test,DRINK,S005_M_DRIN_STD_FCE,56
test,DRINK,S005_M_DRIN_STD_FCE_HF,56
test,DRINK,S005_M_DRIN_STD_LFT,61
test,DRINK,S005_M_DRIN_STD_LFT_HF,61
test,DRINK,S005_M_DRIN_STD_RGT,61
test,DRINK,S005_M_DRIN_STD_RGT_HF,61
test,DRINK,S005_M_DRIN_WLK_FCE,61
test,DRINK,S005_M_DRIN_WLK_FCE_HF,61
test,DRINK,S005_M_DRIN_WLK_LFT,66
test,DRINK,S005_M_DRIN_WLK_LFT_HF,66
test,DRINK,S005_M_DRIN_WLK_RGT,76
test,DRINK,S005_M_DRIN_WLK_RGT_HF,76
test,DRINK,S006_M_DRIN_STD_FCE,66
test,DRINK,S006_M_DRIN_STD_FCE_HF,66
test,DRINK,S006_M_DRIN_STD_LFT,61
test,DRINK,S006_M_DRIN_STD_LFT_HF,61
test,DRINK,S006_M_DRIN_STD_RGT,66
test,DRINK,S006_M_DRIN_STD_RGT_HF,66
test,DRINK,S006_M_DRIN_WLK_FCE,71
test,DRINK,S006_M_DRIN_WLK_FCE_HF,71
test,DRINK,S006_M_DRIN_WLK_LFT,76
test,DRINK,S006_M_DRIN_WLK_LFT_HF,76
test,DRINK,S006_M_DRIN_WLK_RGT,76
test,DRINK,S006_M_DRIN_WLK_RGT_HF,76
test,SCRATCH,S002_M_SCRA_STD_FCE,51
test,SCRATCH,S002_M_SCRA_STD_FCE_HF,51
test,SCRATCH,S002_M_SCRA_STD_LFT,61
test,SCRATCH,S002_M_SCRA_STD_LFT_HF,61
test,SCRATCH,S002_M_SCRA_STD_RGT,46
test,SCRATCH,S002_M_SCRA_STD_RGT_HF,46
test,SCRATCH,S002_M_SCRA_WLK_FCE,56
test,SCRATCH,S002_M_SCRA_WLK_FCE_HF,56
test,SCRATCH,S002_M_SCRA_WLK_LFT,56
test,SCRATCH,S002_M_SCRA_WLK_LFT_HF,56
test,SCRATCH,S002_M_SCRA_WLK_RGT,56
test,SCRATCH,S002_M_SCRA_WLK_RGT_HF,56
test,SCRATCH,S003_M_SCRA_STD_FCE,51
test,SCRATCH,S003_M_SCRA_STD_FCE_HF,51
test,SCRATCH,S003_M_SCRA_STD_LFT,56
test,SCRATCH,S003_M_SCRA_STD_LFT_HF,56
test,SCRATCH,S003_M_SCRA_STD_RGT,56
test,SCRATCH,S003_M_SCRA_STD_RGT_HF,56
test,SCRATCH,S003_M_SCRA_WLK_FCE,66
test,SCRATCH,S003_M_SCRA_WLK_FCE_HF,66
test,SCRATCH,S003_M_SCRA_WLK_LFT,76
test,SCRATCH,S003_M_SCRA_WLK_LFT_HF,76
test,SCRATCH,S003_M_SCRA_WLK_RGT,66
test,SCRATCH,S003_M_SCRA_WLK_RGT_HF,66
test,SCRATCH,S004_M_SCRA_STD_FCE,51
test,SCRATCH,S004_M_SCRA_STD_FCE_HF,51
test,SCRATCH,S004_M_SCRA_STD_LFT,51
test,SCRATCH,S004_M_SCRA_STD_LFT_HF,51
test,SCRATCH,S004_M_SCRA_STD_RGT,36
test,SCRATCH,S004_M_SCRA_STD_RGT_HF,36
test,SCRATCH,S004_M_SCRA_WLK_FCE,51
test,SCRATCH,S004_M_SCRA_WLK_FCE_HF,51
test,SCRATCH,S004_M_SCRA_WLK_LFT,61
test,SCRATCH,S004_M_SCRA_WLK_LFT_HF,61
test,SCRATCH,S004_M_SCRA_WLK_RGT,56
test,SCRATCH,S004_M_SCRA_WLK_RGT_HF,56
test,SCRATCH,S005_M_SCRA_STD_FCE,71
test,SCRATCH,S005_M_SCRA_STD_FCE_HF,71
test,SCRATCH,S005_M_SCRA_STD_LFT,66
test,SCRATCH,S005_M_SCRA_STD_LFT_HF,66
test,SCRATCH,S005_M_SCRA_STD_RGT,71
test,SCRATCH,S005_M_SCRA_STD_RGT_HF,71
test,SCRATCH,S005_M_SCRA_WLK_FCE,71
test,SCRATCH,S005_M_SCRA_WLK_FCE_HF,71
test,SCRATCH,S005_M_SCRA_WLK_LFT,66
test,SCRATCH,S005_M_SCRA_WLK_LFT_HF,66
test,SCRATCH,S005_M_SCRA_WLK_RGT,71
test,SCRATCH,S005_M_SCRA_WLK_RGT_HF,71
test,SCRATCH,S006_M_SCRA_STD_FCE,51
test,SCRATCH,S006_M_SCRA_STD_FCE_HF,51
test,SCRATCH,S006_M_SCRA_STD_LFT,56
test,SCRATCH,S006_M_SCRA_STD_LFT_HF,56
test,SCRATCH,S006_M_SCRA_STD_RGT,56
test,SCRATCH,S006_M_SCRA_STD_RGT_HF,56
test,SCRATCH,S006_M_SCRA_WLK_FCE,66
test,SCRATCH,S006_M_SCRA_WLK_FCE_HF,66
test,SCRATCH,S006_M_SCRA_WLK_LFT,71
test,SCRATCH,S006_M_SCRA_WLK_LFT_HF,71
test,SCRATCH,S006_M_SCRA_WLK_RGT,66
test,SCRATCH,S006_M_SCRA_WLK_RGT_HF,66
test,SNEEZE,S002_M_SNEE_STD_FCE,46
test,SNEEZE,S002_M_SNEE_STD_FCE_HF,46
test,SNEEZE,S002_M_SNEE_STD_LFT,41
test,SNEEZE,S002_M_SNEE_STD_LFT_HF,41
test,SNEEZE,S002_M_SNEE_STD_RGT,46
test,SNEEZE,S002_M_SNEE_STD_RGT_HF,46
test,SNEEZE,S002_M_SNEE_WLK_FCE,61
test,SNEEZE,S002_M_SNEE_WLK_FCE_HF,61
test,SNEEZE,S002_M_SNEE_WLK_LFT,66
test,SNEEZE,S002_M_SNEE_WLK_LFT_HF,66
test,SNEEZE,S002_M_SNEE_WLK_RGT,66
test,SNEEZE,S002_M_SNEE_WLK_RGT_HF,66
test,SNEEZE,S003_M_SNEE_STD_FCE,61
test,SNEEZE,S003_M_SNEE_STD_FCE_HF,61
test,SNEEZE,S003_M_SNEE_STD_LFT,71
test,SNEEZE,S003_M_SNEE_STD_LFT_HF,71
test,SNEEZE,S003_M_SNEE_STD_RGT,66
test,SNEEZE,S003_M_SNEE_STD_RGT_HF,66
test,SNEEZE,S003_M_SNEE_WLK_FCE,61
test,SNEEZE,S003_M_SNEE_WLK_FCE_HF,61
test,SNEEZE,S003_M_SNEE_WLK_LFT,71
test,SNEEZE,S003_M_SNEE_WLK_LFT_HF,71
test,SNEEZE,S003_M_SNEE_WLK_RGT,66
test,SNEEZE,S003_M_SNEE_WLK_RGT_HF,66
test,SNEEZE,S004_M_SNEE_STD_FCE,41
test,SNEEZE,S004_M_SNEE_STD_FCE_HF,41
test,SNEEZE,S004_M_SNEE_STD_LFT,36
test,SNEEZE,S004_M_SNEE_STD_LFT_HF,36
test,SNEEZE,S004_M_SNEE_STD_RGT,31
test,SNEEZE,S004_M_SNEE_STD_RGT_HF,31
test,SNEEZE,S004_M_SNEE_WLK_FCE,56
test,SNEEZE,S004_M_SNEE_WLK_FCE_HF,56
test,SNEEZE,S004_M_SNEE_WLK_LFT,56
test,SNEEZE,S004_M_SNEE_WLK_LFT_HF,56
test,SNEEZE,S004_M_SNEE_WLK_RGT,66
test,SNEEZE,S004_M_SNEE_WLK_RGT_HF,66
test,SNEEZE,S005_M_SNEE_STD_FCE,51
test,SNEEZE,S005_M_SNEE_STD_FCE_HF,51
test,SNEEZE,S005_M_SNEE_STD_LFT,56
test,SNEEZE,S005_M_SNEE_STD_LFT_HF,56
test,SNEEZE,S005_M_SNEE_STD_RGT,51
test,SNEEZE,S005_M_SNEE_STD_RGT_HF,51
test,SNEEZE,S005_M_SNEE_WLK_FCE,61
test,SNEEZE,S005_M_SNEE_WLK_FCE_HF,61
test,SNEEZE,S005_M_SNEE_WLK_LFT,66
test,SNEEZE,S005_M_SNEE_WLK_LFT_HF,66
test,SNEEZE,S005_M_SNEE_WLK_RGT,66
test,SNEEZE,S005_M_SNEE_WLK_RGT_HF,66
test,SNEEZE,S006_M_SNEE_STD_FCE,61
test,SNEEZE,S006_M_SNEE_STD_FCE_HF,61
test,SNEEZE,S006_M_SNEE_STD_LFT,61
test,SNEEZE,S006_M_SNEE_STD_LFT_HF,61
test,SNEEZE,S006_M_SNEE_STD_RGT,61
test,SNEEZE,S006_M_SNEE_STD_RGT_HF,61
test,SNEEZE,S006_M_SNEE_WLK_FCE,66
test,SNEEZE,S006_M_SNEE_WLK_FCE_HF,66
test,SNEEZE,S006_M_SNEE_WLK_LFT,76
test,SNEEZE,S006_M_SNEE_WLK_LFT_HF,76
test,SNEEZE,S006_M_SNEE_WLK_RGT,71
test,SNEEZE,S006_M_SNEE_WLK_RGT_HF,71
test,STRETCH,S002_M_STRE_STD_FCE,66
test,STRETCH,S002_M_STRE_STD_FCE_HF,66
test,STRETCH,S002_M_STRE_STD_LFT,71
test,STRETCH,S002_M_STRE_STD_LFT_HF,71
test,STRETCH,S002_M_STRE_STD_RGT,71
test,STRETCH,S002_M_STRE_STD_RGT_HF,71
test,STRETCH,S002_M_STRE_WLK_FCE,76
test,STRETCH,S002_M_STRE_WLK_FCE_HF,76
test,STRETCH,S002_M_STRE_WLK_LFT,81
test,STRETCH,S002_M_STRE_WLK_LFT_HF,81
test,STRETCH,S002_M_STRE_WLK_RGT,86
test,STRETCH,S002_M_STRE_WLK_RGT_HF,86
test,STRETCH,S003_M_STRE_STD_FCE,71
test,STRETCH,S003_M_STRE_STD_FCE_HF,71
test,STRETCH,S003_M_STRE_STD_LFT,71
test,STRETCH,S003_M_STRE_STD_LFT_HF,71
test,STRETCH,S003_M_STRE_STD_RGT,66
test,STRETCH,S003_M_STRE_STD_RGT_HF,66
test,STRETCH,S003_M_STRE_WLK_FCE,66
test,STRETCH,S003_M_STRE_WLK_FCE_HF,66
test,STRETCH,S003_M_STRE_WLK_LFT,76
test,STRETCH,S003_M_STRE_WLK_LFT_HF,76
test,STRETCH,S003_M_STRE_WLK_RGT,76
test,STRETCH,S003_M_STRE_WLK_RGT_HF,76
test,STRETCH,S004_M_STRE_STD_FCE,46
test,STRETCH,S004_M_STRE_STD_FCE_HF,46
test,STRETCH,S004_M_STRE_STD_LFT,41
test,STRETCH,S004_M_STRE_STD_LFT_HF,41
test,STRETCH,S004_M_STRE_STD_RGT,46
test,STRETCH,S004_M_STRE_STD_RGT_HF,46
test,STRETCH,S004_M_STRE_WLK_FCE,66
test,STRETCH,S004_M_STRE_WLK_FCE_HF,66
test,STRETCH,S004_M_STRE_WLK_LFT,71
test,STRETCH,S004_M_STRE_WLK_LFT_HF,71
test,STRETCH,S004_M_STRE_WLK_RGT,66
test,STRETCH,S004_M_STRE_WLK_RGT_HF,66
test,STRETCH,S005_M_STRE_STD_FCE,86
test,STRETCH,S005_M_STRE_STD_FCE_HF,86
test,STRETCH,S005_M_STRE_STD_LFT,76
test,STRETCH,S005_M_STRE_STD_LFT_HF,76
test,STRETCH,S005_M_STRE_STD_RGT,76
test,STRETCH,S005_M_STRE_STD_RGT_HF,76
test,STRETCH,S005_M_STRE_WLK_FCE,76
test,STRETCH,S005_M_STRE_WLK_FCE_HF,76
test,STRETCH,S005_M_STRE_WLK_LFT,86
test,STRETCH,S005_M_STRE_WLK_LFT_HF,86
test,STRETCH,S005_M_STRE_WLK_RGT,76
test,STRETCH,S005_M_STRE_WLK_RGT_HF,76
test,STRETCH,S006_M_STRE_STD_FCE,51
test,STRETCH,S006_M_STRE_STD_FCE_HF,51
test,STRETCH,S006_M_STRE_STD_LFT,56
test,STRETCH,S006_M_STRE_STD_LFT_HF,56
test,STRETCH,S006_M_STRE_STD_RGT,56
test,STRETCH,S006_M_STRE_STD_RGT_HF,56
test,STRETCH,S006_M_STRE_WLK_FCE,66
test,STRETCH,S006_M_STRE_WLK_FCE_HF,66
test,STRETCH,S006_M_STRE_WLK_LFT,66
test,STRETCH,S006_M_STRE_WLK_LFT_HF,66
test,STRETCH,S006_M_STRE_WLK_RGT,66
test,STRETCH,S006_M_STRE_WLK_RGT_HF,66
test,WAVE,S002_M_WAVE_STD_FCE,51
test,WAVE,S002_M_WAVE_STD_FCE_HF,51
test,WAVE,S002_M_WAVE_STD_LFT,66
test,WAVE,S002_M_WAVE_STD_LFT_HF,66
test,WAVE,S002_M_WAVE_STD_RGT,51
test,WAVE,S002_M_WAVE_STD_RGT_HF,51
test,WAVE,S002_M_WAVE_WLK_FCE,61
test,WAVE,S002_M_WAVE_WLK_FCE_HF,61
test,WAVE,S002_M_WAVE_WLK_LFT,66
test,WAVE,S002_M_WAVE_WLK_LFT_HF,66
test,WAVE,S002_M_WAVE_WLK_RGT,71
test,WAVE,S002_M_WAVE_WLK_RGT_HF,71
test,WAVE,S003_M_WAVE_STD_FCE,51
test,WAVE,S003_M_WAVE_STD_FCE_HF,51
test,WAVE,S003_M_WAVE_STD_LFT,66
test,WAVE,S003_M_WAVE_STD_LFT_HF,66
test,WAVE,S003_M_WAVE_STD_RGT,51
test,WAVE,S003_M_WAVE_STD_RGT_HF,51
test,WAVE,S003_M_WAVE_WLK_FCE,56
test,WAVE,S003_M_WAVE_WLK_FCE_HF,56
test,WAVE,S003_M_WAVE_WLK_LFT,61
test,WAVE,S003_M_WAVE_WLK_LFT_HF,61
test,WAVE,S003_M_WAVE_WLK_RGT,66
test,WAVE,S003_M_WAVE_WLK_RGT_HF,66
test,WAVE,S004_M_WAVE_STD_FCE,31
test,WAVE,S004_M_WAVE_STD_FCE_HF,31
test,WAVE,S004_M_WAVE_STD_LFT,31
test,WAVE,S004_M_WAVE_STD_LFT_HF,31
test,WAVE,S004_M_WAVE_STD_RGT,31
test,WAVE,S004_M_WAVE_STD_RGT_HF,31
test,WAVE,S004_M_WAVE_WLK_FCE,51
test,WAVE,S004_M_WAVE_WLK_FCE_HF,51
test,WAVE,S004_M_WAVE_WLK_LFT,51
test,WAVE,S004_M_WAVE_WLK_LFT_HF,51
test,WAVE,S004_M_WAVE_WLK_RGT,46
test,WAVE,S004_M_WAVE_WLK_RGT_HF,46
test,WAVE,S005_M_WAVE_STD_FCE,61
test,WAVE,S005_M_WAVE_STD_FCE_HF,61
test,WAVE,S005_M_WAVE_STD_LFT,61
test,WAVE,S005_M_WAVE_STD_LFT_HF,61
test,WAVE,S005_M_WAVE_STD_RGT,61
test,WAVE,S005_M_WAVE_STD_RGT_HF,61
test,WAVE,S005_M_WAVE_WLK_FCE,56
test,WAVE,S005_M_WAVE_WLK_FCE_HF,56
test,WAVE,S005_M_WAVE_WLK_LFT,61
test,WAVE,S005_M_WAVE_WLK_LFT_HF,61
test,WAVE,S005_M_WAVE_WLK_RGT,61
test,WAVE,S005_M_WAVE_WLK_RGT_HF,61
test,WAVE,S006_M_WAVE_STD_FCE,56
test,WAVE,S006_M_WAVE_STD_FCE_HF,56
test,WAVE,S006_M_WAVE_STD_LFT,51
test,WAVE,S006_M_WAVE_STD_LFT_HF,51
test,WAVE,S006_M_WAVE_STD_RGT,56
test,WAVE,S006_M_WAVE_STD_RGT_HF,56
test,WAVE,S006_M_WAVE_WLK_FCE,51
test,WAVE,S006_M_WAVE_WLK_FCE_HF,51
test,WAVE,S006_M_WAVE_WLK_LFT,61
test,WAVE,S006_M_WAVE_WLK_LFT_HF,61
test,WAVE,S006_M_WAVE_WLK_RGT,66
test,WAVE,S006_M_WAVE_WLK_RGT_HF,66
test,WIPE,S002_M_WIPE_STD_FCE,76
test,WIPE,S002_M_WIPE_STD_FCE_HF,76
test,WIPE,S002_M_WIPE_STD_LFT,66
test,WIPE,S002_M_WIPE_STD_LFT_HF,66
test,WIPE,S002_M_WIPE_STD_RGT,66
test,WIPE,S002_M_WIPE_STD_RGT_HF,66
test,WIPE,S002_M_WIPE_WLK_FCE,71
test,WIPE,S002_M_WIPE_WLK_FCE_HF,71
test,WIPE,S002_M_WIPE_WLK_LFT,76
test,WIPE,S002_M_WIPE_WLK_LFT_HF,76
test,WIPE,S002_M_WIPE_WLK_RGT,81
test,WIPE,S002_M_WIPE_WLK_RGT_HF,81
test,WIPE,S003_M_WIPE_STD_FCE,96
test,WIPE,S003_M_WIPE_STD_FCE_HF,96
test,WIPE,S003_M_WIPE_STD_LFT,96
test,WIPE,S003_M_WIPE_STD_LFT_HF,96
test,WIPE,S003_M_WIPE_STD_RGT,106
test,WIPE,S003_M_WIPE_STD_RGT_HF,106
test,WIPE,S003_M_WIPE_WLK_FCE,81
test,WIPE,S003_M_WIPE_WLK_FCE_HF,81
test,WIPE,S003_M_WIPE_WLK_LFT,81
test,WIPE,S003_M_WIPE_WLK_LFT_HF,81
test,WIPE,S003_M_WIPE_WLK_RGT,81
test,WIPE,S003_M_WIPE_WLK_RGT_HF,81
test,WIPE,S004_M_WIPE_STD_FCE,71
test,WIPE,S004_M_WIPE_STD_FCE_HF,71
test,WIPE,S004_M_WIPE_STD_LFT,56
test,WIPE,S004_M_WIPE_STD_LFT_HF,56
test,WIPE,S004_M_WIPE_STD_RGT,66
test,WIPE,S004_M_WIPE_STD_RGT_HF,66
test,WIPE,S004_M_WIPE_WLK_FCE,61
test,WIPE,S004_M_WIPE_WLK_FCE_HF,61
test,WIPE,S004_M_WIPE_WLK_LFT,71
test,WIPE,S004_M_WIPE_WLK_LFT_HF,71
test,WIPE,S004_M_WIPE_WLK_RGT,71
test,WIPE,S004_M_WIPE_WLK_RGT_HF,71
test,WIPE,S005_M_WIPE_STD_FCE,101
test,WIPE,S005_M_WIPE_STD_FCE_HF,101
test,WIPE,S005_M_WIPE_STD_LFT,106
test,WIPE,S005_M_WIPE_STD_LFT_HF,106
test,WIPE,S005_M_WIPE_STD_RGT,101
test,WIPE,S005_M_WIPE_STD_RGT_HF,101
test,WIPE,S005_M_WIPE_WLK_FCE,86
test,WIPE,S005_M_WIPE_WLK_FCE_HF,86
test,WIPE,S005_M_WIPE_WLK_LFT,86
test,WIPE,S005_M_WIPE_WLK_LFT_HF,86
test,WIPE,S005_M_WIPE_WLK_RGT,86
test,WIPE,S005_M_WIPE_WLK_RGT_HF,86
test,WIPE,S006_M_WIPE_STD_FCE,81
test,WIPE,S006_M_WIPE_STD_FCE_HF,81
test,WIPE,S006_M_WIPE_STD_LFT,71
test,WIPE,S006_M_WIPE_STD_LFT_HF,71
test,WIPE,S006_M_WIPE_STD_RGT,76
test,WIPE,S006_M_WIPE_STD_RGT_HF,76
test,WIPE,S006_M_WIPE_WLK_FCE,71
test,WIPE,S006_M_WIPE_WLK_FCE_HF,71
test,WIPE,S006_M_WIPE_WLK_LFT,71
test,WIPE,S006_M_WIPE_WLK_LFT_HF,71
test,WIPE,S006_M_WIPE_WLK_RGT,76
test,WIPE,S006_M_WIPE_WLK_RGT_HF,76
